timestamp,fps,frame_time_ms,hailo_score,hailo_valid,mediapipe_points,command,tcp_sent,tcp_reconnected,cx,cy
1763921411.5065575,1.8880818631685516,529.6380519866943,0.0,0,21,Move Right,1,0,209,177
1763921412.0153456,24.29466587119084,41.161298751831055,0.0,0,21,Move Right,0,0,208,177
1763921412.084312,24.6623664512639,40.54760932922363,0.0,0,21,Move Right,0,0,208,177
1763921412.1414652,21.31317011697511,46.91934585571289,0.0,0,21,Move Right,0,0,208,177
1763921412.1947386,22.5976466531615,44.25239562988281,0.0,0,21,Move Right,0,0,207,177
1763921412.248701,22.331984495463644,44.77882385253906,0.0,0,21,Move Right,0,0,206,177
1763921412.2986755,24.14349197577767,41.419029235839844,0.0,0,21,Move Right,0,0,207,177
1763921412.3467455,25.77858086721367,38.79189491271973,0.0,0,21,Move Right,0,0,207,177
1763921412.3953702,26.77226711603028,37.35208511352539,0.0,0,21,Move Right,0,0,205,179
1763921412.4435134,24.029516236221554,41.61548614501953,0.0,0,21,Move Right,0,0,204,179
1763921412.4894392,25.323793825885875,39.48855400085449,0.0,0,21,Move Right,0,0,205,179
1763921412.5313654,28.07357232738079,35.620689392089844,0.0,0,21,Move Right,0,0,204,179
1763921412.5811853,22.867585883533152,43.73002052307129,0.0,0,21,Move Right,0,0,204,179
1763921412.6266406,25.692678056220863,38.92159461975098,0.0,0,21,Move Right,0,0,203,179
1763921412.6696582,27.00392732516965,37.03165054321289,0.0,0,21,Move Right,0,0,203,179
1763921412.7191713,25.303474903474903,39.520263671875,0.0,0,21,Move Right,0,0,202,179
1763921412.7698092,23.346046377005198,42.833805084228516,0.0,0,21,Move Right,0,0,201,179
1763921412.8142257,25.989590046101224,38.47694396972656,0.0,0,21,Move Right,0,0,202,178
1763921412.8627489,27.53866558113272,36.31258010864258,0.0,0,21,Move Right,0,0,201,177
1763921412.9129207,23.07923074806724,43.32900047302246,0.0,0,21,Centered,1,0,200,176
1763921412.9580388,25.911078438034757,38.59353065490723,0.0,0,21,Centered,0,0,197,175
1763921413.0003262,27.50922482603021,36.35144233703613,0.0,0,21,Centered,0,0,191,173
1763921413.0476828,24.865154551167286,40.216922760009766,0.0,0,21,Centered,0,0,174,155
1763921413.0940602,25.903877271211353,38.6042594909668,0.0,0,21,Centered,0,0,168,145
1763921413.143626,25.17000222036858,39.72983360290527,0.0,0,21,Centered,0,0,163,139
1763921413.1988223,20.80188066319167,48.07257652282715,0.0,0,21,Centered,0,0,160,138
1763921413.2551157,20.528715604412817,48.71225357055664,0.0,0,21,Centered,0,0,161,137
1763921413.3188524,25.43775358583255,39.31164741516113,0.0,0,21,Centered,0,0,164,137
1763921413.3940847,17.324031737771005,57.723283767700195,0.0,0,21,Centered,0,0,166,139
1763921413.5085008,19.61384934812293,50.98438262939453,0.0,0,21,Centered,0,0,174,172
1763921413.619274,19.295778146837865,51.82480812072754,0.0,0,21,Centered,0,0,176,173
1763921413.6843255,24.99019292412922,40.01569747924805,0.0,0,21,Centered,0,0,180,175
1763921413.7675831,16.21525995113352,61.67030334472656,0.0,0,21,Centered,0,0,181,176
1763921413.8308327,25.358548972188633,39.43443298339844,0.0,0,21,Centered,0,0,185,175
1763921413.8989487,19.032576290414067,52.541494369506836,0.0,0,21,Centered,0,0,188,173
1763921413.9585395,22.850393614992782,43.762922286987305,0.0,0,21,Centered,0,0,190,174
1763921414.0095484,23.1229994872954,43.24698448181152,0.0,0,21,Centered,0,0,190,177
1763921414.0605714,23.780603827072998,42.051076889038086,0.0,0,21,Centered,0,0,189,179
1763921414.1131139,22.344119245234772,44.7545051574707,0.0,0,21,Centered,0,0,189,180
1763921414.1578445,28.09030572949804,35.599470138549805,0.0,0,21,Centered,0,0,188,181
1763921414.2079518,23.940091324200914,41.77093505859375,0.0,0,21,Centered,0,0,187,181
1763921414.2563632,23.95855253762888,41.73874855041504,0.0,0,21,Centered,0,0,187,181
1763921414.2991104,27.906771259572714,35.83359718322754,0.0,0,21,Centered,0,0,185,182
1763921414.353439,23.510540860196972,42.53411293029785,0.0,0,21,Centered,0,0,185,182
1763921414.4038093,23.216818518969546,43.07222366333008,0.0,0,21,Centered,0,0,184,182
1763921414.4500587,24.845270322301666,40.24910926818848,0.0,0,21,Centered,0,0,184,182
1763921414.496509,26.53615082879919,37.68444061279297,0.0,0,21,Centered,0,0,184,182
1763921414.5456953,23.88814279449371,41.861772537231445,0.0,0,21,Centered,0,0,184,182
1763921414.5902882,27.18860158037688,36.78011894226074,0.0,0,21,Centered,0,0,185,182
1763921414.634314,27.032818582587847,36.99207305908203,0.0,0,21,Centered,0,0,185,182
1763921414.6867232,22.874944098430394,43.7159538269043,0.0,0,21,Centered,0,0,186,182
1763921414.7324884,26.177587767202372,38.20061683654785,0.0,0,21,Centered,0,0,186,182
1763921414.7848449,25.461688824136466,39.27469253540039,0.0,0,21,Centered,0,0,186,183
1763921414.8436217,21.18709872957341,47.19853401184082,0.0,0,21,Centered,0,0,187,183
1763921414.893606,24.035024182272444,41.60594940185547,0.0,0,21,Centered,0,0,187,183
1763921414.9414961,25.701022083874605,38.908958435058594,0.0,0,21,Centered,0,0,187,183
1763921415.0021172,24.449882539478978,40.89999198913574,0.0,0,21,Centered,0,0,187,183
1763921415.0593228,23.771169486242172,42.067766189575195,0.0,0,21,Centered,0,0,187,183
1763921415.1138875,21.759541806523238,45.95685005187988,0.0,0,21,Centered,0,0,188,182
1763921415.167577,22.682457791189417,44.08693313598633,0.0,0,21,Centered,0,0,188,181
1763921415.2170203,25.6031253815163,39.05773162841797,0.0,0,21,Centered,0,0,188,181
1763921415.2755668,20.599391983812428,48.545122146606445,0.0,0,21,Centered,0,0,188,181
1763921415.3299034,21.509030676608447,46.49209976196289,0.0,0,21,Centered,0,0,187,181
1763921415.3822029,23.090665859230917,43.30754280090332,0.0,0,21,Centered,0,0,185,181
1763921415.427789,25.633167917471336,39.01195526123047,0.0,0,21,Centered,0,0,185,181
1763921415.4790723,25.578143676058055,39.09587860107422,0.0,0,21,Centered,0,0,184,181
1763921415.5315807,22.042568398482253,45.366764068603516,0.0,0,21,Centered,0,0,184,182
1763921415.5793142,24.742090950383727,40.41695594787598,0.0,0,21,Centered,0,0,184,182
1763921415.6326993,25.966420682482294,38.51127624511719,0.0,0,21,Centered,0,0,184,182
1763921415.6900964,21.44513582468824,46.6306209564209,0.0,0,21,Centered,0,0,183,182
1763921415.7417555,22.94376613714936,43.58482360839844,0.0,0,21,Centered,0,0,183,181
1763921415.7901742,24.21373975291537,41.298866271972656,0.0,0,21,Centered,0,0,183,181
1763921415.847259,22.125707533484203,45.1962947845459,0.0,0,21,Centered,0,0,180,179
1763921415.8984737,24.538569096748905,40.75217247009277,0.0,0,21,Centered,0,0,178,177
1763921415.9508767,23.20551492149204,43.093204498291016,0.0,0,21,Centered,0,0,175,176
1763921416.0020764,23.199995574952016,43.10345649719238,0.0,0,21,Centered,0,0,172,175
1763921416.0513527,24.3341320352976,41.09454154968262,0.0,0,21,Centered,0,0,166,172
1763921416.1090086,22.0988951353288,45.25113105773926,0.0,0,21,Centered,0,0,164,172
1763921416.161724,24.437061938859337,40.92144966125488,0.0,0,21,Centered,0,0,162,172
1763921416.21294,23.346826085988468,42.832374572753906,0.0,0,21,Centered,0,0,162,173
1763921416.264844,22.77495479548009,43.907880783081055,0.0,0,21,Centered,0,0,163,173
1763921416.3115044,24.83497249640292,40.265798568725586,0.0,0,21,Centered,0,0,165,173
1763921416.359373,25.46895550846171,39.26348686218262,0.0,0,21,Centered,0,0,169,173
1763921416.4126678,22.35698218607081,44.728755950927734,0.0,0,21,Centered,0,0,170,173
1763921416.4600024,24.919371416688946,40.12942314147949,0.0,0,21,Centered,0,0,170,174
1763921416.5064118,25.65213721736684,38.98310661315918,0.0,0,21,Centered,0,0,169,175
1763921416.556104,26.095502367338813,38.32077980041504,0.0,0,21,Centered,0,0,169,174
1763921416.6114771,24.612149093981785,40.630340576171875,0.0,0,21,Centered,0,0,167,172
1763921416.669968,20.506935378989006,48.76399040222168,0.0,0,21,Centered,0,0,167,171
1763921416.722429,22.32936892428582,44.7840690612793,0.0,0,21,Centered,0,0,168,169
1763921416.7698495,26.025390600761966,38.424015045166016,0.0,0,21,Centered,0,0,172,169
1763921416.8242545,23.679241235250945,42.231082916259766,0.0,0,21,Centered,0,0,175,170
1763921416.8830736,21.000605839087136,47.61767387390137,0.0,0,21,Centered,0,0,178,168
1763921416.941908,20.845716103316484,47.971487045288086,0.0,0,21,Centered,0,0,181,168
1763921416.995758,22.598864211898835,44.2500114440918,0.0,0,21,Centered,0,0,180,168
1763921417.0463421,24.684718830003238,40.51089286804199,0.0,0,21,Centered,0,0,176,168
1763921417.102159,22.981858031286816,43.512582778930664,0.0,0,21,Centered,0,0,166,169
1763921417.1607382,22.039093698768337,45.37391662597656,0.0,0,21,Centered,0,0,161,169
1763921417.2133405,22.459819970334195,44.52395439147949,0.0,0,21,Centered,0,0,161,168
1763921417.2610323,24.439767390366978,40.91691970825195,0.0,0,21,Centered,0,0,164,167
1763921417.3135982,25.769394764166304,38.80572319030762,0.0,0,21,Centered,0,0,169,166
1763921417.3681998,22.65733933307764,44.13580894470215,0.0,0,21,Centered,0,0,179,163
1763921417.4175828,24.83703137860996,40.262460708618164,0.0,0,21,Centered,0,0,182,161
1763921417.4691696,24.992575466863702,40.01188278198242,0.0,0,21,Centered,0,0,185,159
1763921417.5228736,25.236638006245524,39.624929428100586,0.0,0,21,Centered,0,0,185,156
1763921417.5741289,23.476589480518754,42.595624923706055,0.0,0,21,Centered,0,0,182,155
1763921417.6213548,26.015382325212126,38.43879699707031,0.0,0,21,Centered,0,0,174,157
1763921417.671708,26.634052794340832,37.54591941833496,0.0,0,21,Centered,0,0,164,159
1763921417.725212,23.271694260730612,42.97065734863281,0.0,0,21,Centered,0,0,146,162
1763921417.7753997,23.395400465196705,42.74344444274902,0.0,0,21,Centered,0,0,144,162
1763921417.8230598,25.34429855039186,39.45660591125488,0.0,0,21,Centered,0,0,149,159
1763921417.868577,27.258573740340935,36.68570518493652,0.0,0,21,Centered,0,0,175,149
1763921417.9192631,25.545895838281957,39.14523124694824,0.0,0,21,Centered,0,0,190,147
1763921417.9679437,24.433930059012344,40.92669486999512,0.0,0,21,Move Right,1,0,201,144
1763921418.0160139,25.150230856868742,39.76106643676758,0.0,0,21,Move Right,0,0,208,142
1763921418.0615997,26.217021702170218,38.143157958984375,0.0,0,21,Move Right,0,0,208,142
1763921418.1149375,23.73982046434757,42.12331771850586,0.0,0,21,Centered,1,0,184,142
1763921418.1659794,24.61243794523924,40.62986373901367,0.0,0,21,Centered,0,0,165,146
1763921418.2160425,24.58531552971243,40.674686431884766,0.0,0,21,Centered,0,0,148,150
1763921418.261922,26.491568030519307,37.747859954833984,0.0,0,21,Centered,0,0,136,152
1763921418.313317,24.410324458024153,40.96627235412598,0.0,0,21,Centered,0,0,134,153
1763921418.3628995,23.859063113285362,41.91279411315918,0.0,0,21,Centered,0,0,157,147
1763921418.4128916,23.767801892672974,42.073726654052734,0.0,0,21,Centered,0,0,171,147
1763921418.463973,23.19614642266576,43.11060905456543,0.0,0,21,Centered,0,0,182,147
1763921418.5094173,27.584668402914794,36.25202178955078,0.0,0,21,Centered,0,0,186,148
1763921418.5609603,25.892203887870313,38.62166404724121,0.0,0,21,Centered,0,0,170,145
1763921418.614076,22.277540831230912,44.88825798034668,0.0,0,21,Centered,0,0,155,143
1763921418.6645346,23.909930966075898,41.823625564575195,0.0,0,21,Centered,0,0,141,144
1763921418.7115893,24.86721844096094,40.213584899902344,0.0,0,21,Centered,0,0,132,145
1763921418.7659035,24.840561685292776,40.25673866271973,0.0,0,21,Centered,0,0,145,149
1763921418.8173828,25.901477771671,38.60783576965332,0.0,0,21,Centered,0,0,159,152
1763921418.8659363,25.057375678065334,39.908409118652344,0.0,0,21,Centered,0,0,167,154
1763921418.9119883,25.797766077842837,38.76304626464844,0.0,0,21,Centered,0,0,170,154
1763921418.9647315,25.191015015015015,39.696693420410156,0.0,0,21,Centered,0,0,162,145
1763921419.0180109,26.615630631773993,37.57190704345703,0.0,0,21,Centered,0,0,151,137
1763921419.0699189,23.47685229238149,42.59514808654785,0.0,0,21,Centered,0,0,142,131
1763921419.120089,23.090665859230917,43.30754280090332,0.0,0,21,Centered,0,0,135,128
1763921419.16434,26.896736586273015,37.17923164367676,0.0,0,21,Centered,0,0,137,136
1763921419.2211695,21.620903847046026,46.251535415649414,0.0,0,21,Centered,0,0,144,145
1763921419.271097,23.201022231318557,43.10154914855957,0.0,0,21,Centered,0,0,153,154
1763921419.323195,22.649141943775447,44.15178298950195,0.0,0,21,Centered,0,0,163,162
1763921419.3721704,24.32326606355834,41.11289978027344,0.0,0,21,Centered,0,0,163,158
1763921419.4224331,25.96851066464415,38.50817680358887,0.0,0,21,Centered,0,0,161,150
1763921419.4773402,24.645121865231392,40.57598114013672,0.0,0,21,Centered,0,0,157,141
1763921419.5287943,23.024878680749215,43.43128204345703,0.0,0,21,Centered,0,0,145,129
1763921419.5780213,24.123357240221086,41.45359992980957,0.0,0,21,Centered,0,0,141,128
1763921419.6245615,26.197862599234234,38.17105293273926,0.0,0,21,Centered,0,0,139,130
1763921419.6727126,25.9062772153697,38.60068321228027,0.0,0,21,Centered,0,0,140,151
1763921419.7286031,21.006180197325587,47.605037689208984,0.0,0,21,Centered,0,0,142,165
1763921419.777427,24.309732461631196,41.13578796386719,0.0,0,21,Centered,0,0,144,177
1763921419.8310058,21.529566360052563,46.44775390625,0.0,0,21,Centered,0,0,147,183
1763921419.8778489,25.26750042169691,39.57653045654297,0.0,0,21,Centered,0,0,148,180
1763921419.9257264,25.180428648616196,39.713382720947266,0.0,0,21,Centered,0,0,144,163
1763921419.9773908,24.405495202462482,40.97437858581543,0.0,0,21,Centered,0,0,140,155
1763921420.0305028,22.313213529530678,44.81649398803711,0.0,0,21,Centered,0,0,139,153
1763921420.0793123,24.589639565696597,40.66753387451172,0.0,0,21,Centered,0,0,145,157
1763921420.1313894,23.419567378024947,42.699337005615234,0.0,0,21,Centered,0,0,151,159
1763921420.1774385,27.58339854924733,36.25369071960449,0.0,0,21,Centered,0,0,154,159
1763921420.2369075,23.76039654439881,42.08683967590332,0.0,0,21,Centered,0,0,153,156
1763921420.2884905,22.986266235545568,43.50423812866211,0.0,0,21,Centered,0,0,146,150
1763921420.3339105,26.293609498614575,38.03205490112305,0.0,0,21,Centered,0,0,142,151
1763921420.3850396,24.76224886795015,40.38405418395996,0.0,0,21,Centered,0,0,140,155
1763921420.4390612,26.069389023556468,38.35916519165039,0.0,0,21,Centered,0,0,142,162
1763921420.4925957,25.14555668131486,39.76845741271973,0.0,0,21,Centered,0,0,147,171
1763921420.5427966,23.283450186242998,42.94896125793457,0.0,0,21,Centered,0,0,148,174
1763921420.5944016,24.83938480489408,40.25864601135254,0.0,0,21,Centered,0,0,150,177
1763921420.6441536,22.75728408190726,43.94197463989258,0.0,0,21,Centered,0,0,148,176
1763921420.6871102,27.627003207767142,36.19647026062012,0.0,0,21,Centered,0,0,148,175
1763921420.738971,23.626287832273402,42.325735092163086,0.0,0,21,Centered,0,0,147,173
1763921420.7869368,24.24607344975692,41.243791580200195,0.0,0,21,Centered,0,0,146,171
1763921420.8349626,24.067296326474402,41.5501594543457,0.0,0,21,Centered,0,0,147,171
1763921420.883964,25.869845988737502,38.65504264831543,0.0,0,21,Centered,0,0,150,171
1763921420.9355638,22.747040224742257,43.96176338195801,0.0,0,21,Centered,0,0,153,170
1763921420.9875891,23.118920974738593,43.25461387634277,0.0,0,21,Centered,0,0,155,172
1763921421.0370317,24.24901715924333,41.23878479003906,0.0,0,21,Centered,0,0,158,172
1763921421.088109,24.167001814986605,41.37873649597168,0.0,0,21,Centered,0,0,159,171
1763921421.1372242,24.456868301671157,40.888309478759766,0.0,0,21,Centered,0,0,156,170
1763921421.192929,21.332139823719988,46.87762260437012,0.0,0,21,Centered,0,0,151,168
1763921421.2405128,24.768536671784574,40.373802185058594,0.0,0,21,Centered,0,0,149,169
1763921421.290207,24.19697703934464,41.327476501464844,0.0,0,21,Centered,0,0,143,170
1763921421.3375154,24.553077400395726,40.728092193603516,0.0,0,21,Centered,0,0,141,171
1763921421.3875706,25.236638006245524,39.624929428100586,0.0,0,21,Centered,0,0,143,174
1763921421.443348,23.602223872870102,42.36888885498047,0.0,0,21,Centered,0,0,141,174
1763921421.498035,22.167336994149387,45.11141777038574,0.0,0,21,Centered,0,0,141,176
1763921421.5497663,23.044106981957235,43.395042419433594,0.0,0,21,Centered,0,0,141,178
1763921421.5982418,24.18679107102697,41.34488105773926,0.0,0,21,Centered,0,0,142,180
1763921421.6439831,27.45664142025779,36.42106056213379,0.0,0,21,Centered,0,0,140,180
1763921421.6980958,24.74063150692204,40.41934013366699,0.0,0,21,Centered,0,0,139,178
1763921421.7522016,22.634352722778956,44.18063163757324,0.0,0,21,Centered,0,0,139,177
1763921421.8026056,23.095370248006695,43.29872131347656,0.0,0,21,Centered,0,0,141,177
1763921421.8532693,22.62202278218847,44.2047119140625,0.0,0,21,Centered,0,0,141,180
1763921421.8992283,26.074250901404948,38.352012634277344,0.0,0,21,Centered,0,0,141,182
1763921421.9520307,25.296912601098896,39.53051567077637,0.0,0,21,Centered,0,0,141,182
1763921422.007143,23.790720363017584,42.03319549560547,0.0,0,21,Centered,0,0,138,184
1763921422.0667927,19.81791893858497,50.45938491821289,0.0,0,21,Centered,0,0,136,182
1763921422.1229124,20.943037469042103,47.748565673828125,0.0,0,21,Centered,0,0,136,184
1763921422.2262347,16.767826017430238,59.638023376464844,0.0,0,21,Centered,0,0,135,184
1763921422.328927,19.599459815608338,51.02181434631348,0.0,0,21,Centered,0,0,135,183
1763921422.4786854,22.3015866263984,44.83985900878906,0.0,0,21,Centered,0,0,136,183
1763921422.5303771,26.145115444073205,38.24806213378906,0.0,0,21,Centered,0,0,137,183
1763921422.5814192,23.24254951290605,43.024539947509766,0.0,0,21,Centered,0,0,145,186
1763921422.7392435,25.95517271253357,38.5279655456543,0.0,0,21,Centered,0,0,147,186
1763921422.7880676,25.34276720059455,39.4589900970459,0.0,0,21,Centered,0,0,139,171
1763921422.8614452,26.372635814889335,37.9180908203125,0.0,0,21,Centered,0,0,139,172
1763921422.9179535,20.104416515678775,49.74031448364258,0.0,0,21,Centered,0,0,141,177
1763921422.964628,25.88181863059683,38.63716125488281,0.0,0,21,Centered,0,0,146,185
1763921423.0091891,26.99315244812851,37.04643249511719,0.0,0,21,Centered,0,0,145,183
1763921423.0530367,27.38386205905972,36.51785850524902,0.0,0,21,Centered,0,0,141,174
1763921423.1076345,24.45472937911412,40.89188575744629,0.0,0,21,Centered,0,0,138,168
1763921423.1592572,25.352724283417352,39.4434928894043,0.0,0,21,Centered,0,0,132,155
1763921423.2154398,26.028782246603907,38.41900825500488,0.0,0,21,Centered,0,0,129,151
1763921423.2687309,23.566153500393302,42.433738708496094,0.0,0,21,Centered,0,0,126,146
1763921423.3359907,17.781365258900635,56.238651275634766,0.0,0,21,Centered,0,0,132,143
1763921423.3918903,23.917020682104592,41.811227798461914,0.0,0,21,Centered,0,0,153,145
1763921423.444586,23.065396713666658,43.35498809814453,0.0,0,21,Centered,0,0,192,145
1763921423.4942877,24.895262289438385,40.16828536987305,0.0,0,21,Move Right,1,0,211,149
1763921423.5467966,22.187036811730664,45.07136344909668,0.0,0,21,Move Right,0,0,211,150
1763921423.597485,25.394783366835387,39.37816619873047,0.0,0,21,Move Right,0,0,214,158
1763921423.6522768,23.66240917091664,42.26112365722656,0.0,0,21,Move Right,0,0,206,154
1763921423.7037537,23.090157391452745,43.30849647521973,0.0,0,21,Centered,1,0,173,170
1763921423.7571404,22.02520584775668,45.40252685546875,0.0,0,21,Centered,0,0,151,171
1763921423.80779,22.944519206573233,43.58339309692383,0.0,0,21,Centered,0,0,130,174
1763921423.8562055,27.055312945486914,36.96131706237793,0.0,0,21,Move Left,1,0,98,180
1763921423.912032,22.663460655215083,44.12388801574707,0.0,0,21,Move Left,0,0,91,184
1763921423.9674468,20.890881198573506,47.867774963378906,0.0,0,21,Move Left,0,0,89,186
1763921424.019486,22.728796935031998,43.99704933166504,0.0,0,21,Move Left,0,0,99,186
1763921424.0707562,23.17243817816181,43.15471649169922,0.0,0,21,Centered,1,0,110,184
1763921424.1216645,23.286294061148464,42.943716049194336,0.0,0,21,Centered,0,0,126,183
1763921424.1707463,27.252906051214076,36.69333457946777,0.0,0,21,Centered,0,0,143,181
1763921424.226323,21.146400734070767,47.289371490478516,0.0,0,21,Centered,0,0,178,174
1763921424.2770915,23.01995027524245,43.44058036804199,0.0,0,21,Centered,0,0,194,167
1763921424.325602,24.683556669785727,40.512800216674805,0.0,0,21,Move Right,1,0,209,152
1763921424.3733003,26.579536381034462,37.622928619384766,0.0,0,21,Move Right,0,0,225,150
1763921424.428508,23.402971749962337,42.72961616516113,0.0,0,21,Move Right,0,0,233,155
1763921424.4834151,20.880169259489733,47.89233207702637,0.0,0,21,Move Right,0,0,237,158
1763921424.5338497,23.619236400495552,42.33837127685547,0.0,0,21,Move Right,0,0,238,161
1763921424.5744035,28.942202594534916,34.55162048339844,0.0,0,21,Move Right,0,0,233,161
1763921424.6220105,25.528947752836345,39.17121887207031,0.0,0,21,Move Right,0,0,226,158
1763921424.6746457,22.013646001721497,45.426368713378906,0.0,0,21,Move Right,0,0,219,156
1763921424.7222948,24.43663481705896,40.92216491699219,0.0,0,21,Centered,1,0,189,166
1763921424.7704196,28.293437126879514,35.34388542175293,0.0,0,21,Centered,0,0,167,168
1763921424.8221483,23.697168297588647,42.199134826660156,0.0,0,21,Centered,0,0,145,171
1763921424.8784442,21.343429254764267,46.852827072143555,0.0,0,21,Centered,0,0,122,174
1763921424.9337146,21.8855708672716,45.69220542907715,0.0,0,21,Centered,0,0,100,177
1763921424.9816732,25.690946955776063,38.924217224121094,0.0,0,21,Move Left,1,0,78,181
1763921425.0361834,25.16426381564343,39.73889350891113,0.0,0,21,Move Left,0,0,72,182
1763921425.0973225,18.305106641121096,54.62956428527832,0.0,0,21,Move Left,0,0,70,183
1763921425.145623,25.34843411939613,39.45016860961914,0.0,0,21,Move Left,0,0,78,187
1763921425.208337,19.958715006971243,50.10342597961426,0.0,0,21,Move Left,0,0,88,188
1763921425.2545114,26.18477846935654,38.19012641906738,0.0,0,21,Centered,1,0,104,185
1763921425.307773,21.95051287418882,45.55702209472656,0.0,0,21,Centered,0,0,146,180
1763921425.357472,23.196659569172912,43.10965538024902,0.0,0,21,Centered,0,0,166,177
1763921425.4061303,24.876067565002845,40.19927978515625,0.0,0,21,Centered,0,0,185,174
1763921425.4570086,23.558343958346207,42.447805404663086,0.0,0,21,Move Right,1,0,214,159
1763921425.505429,25.607345857271067,39.05129432678223,0.0,0,21,Move Right,0,0,219,156
1763921425.5552828,26.612422037092262,37.57643699645996,0.0,0,21,Move Right,0,0,227,156
1763921425.6062534,24.798117513509677,40.32564163208008,0.0,0,21,Move Right,0,0,236,161
1763921425.653517,24.56040989606207,40.715932846069336,0.0,0,21,Move Right,0,0,240,163
1763921425.7037828,23.82152755690854,41.97883605957031,0.0,0,21,Move Right,0,0,241,163
1763921425.7493222,25.824450793025317,38.722991943359375,0.0,0,21,Move Right,0,0,243,163
1763921425.7978318,25.36989947134752,39.41679000854492,0.0,0,21,Move Right,0,0,246,165
1763921425.8504686,23.808140953959505,42.00243949890137,0.0,0,21,Move Right,0,0,248,167
1763921425.9057946,21.846016021334002,45.77493667602539,0.0,0,21,Move Right,0,0,248,168
1763921425.9529629,25.22373770176325,39.64519500732422,0.0,0,21,Move Right,0,0,247,168
1763921426.0004478,25.582667992265982,39.08896446228027,0.0,0,21,Move Right,0,0,245,168
1763921426.0483658,28.511151443467856,35.07399559020996,0.0,0,21,Move Right,0,0,237,168
1763921426.098922,23.219131975199293,43.06793212890625,0.0,0,21,Move Right,0,0,234,170
1763921426.1476977,24.790349368465225,40.33827781677246,0.0,0,21,Move Right,0,0,232,169
1763921426.1924043,26.872094513210836,37.21332550048828,0.0,0,21,Move Right,0,0,226,163
1763921426.2387762,28.340274868579304,35.28547286987305,0.0,0,21,Move Right,0,0,221,164
1763921426.2920358,24.235846112953737,41.26119613647461,0.0,0,21,Move Right,0,0,215,165
1763921426.3462617,21.55446038100426,46.39410972595215,0.0,0,21,Move Right,0,0,209,173
1763921426.3939354,24.52508171511101,40.77458381652832,0.0,0,21,Centered,1,0,198,173
1763921426.437734,27.23131959097549,36.722421646118164,0.0,0,21,Centered,0,0,188,174
1763921426.4974499,21.97731166850933,45.5014705657959,0.0,0,21,Centered,0,0,172,175
1763921426.5506473,22.69166139180584,44.06905174255371,0.0,0,21,Centered,0,0,167,175
1763921426.6046667,22.23007573790128,44.98410224914551,0.0,0,21,Centered,0,0,164,176
1763921426.6539767,25.40324270633339,39.36505317687988,0.0,0,21,Centered,0,0,163,176
1763921426.711355,24.55135274353481,40.730953216552734,0.0,0,21,Centered,0,0,162,177
1763921426.769334,23.47107179030895,42.60563850402832,0.0,0,21,Centered,0,0,163,176
1763921426.8286297,22.923076082263503,43.624162673950195,0.0,0,21,Centered,0,0,164,176
1763921426.8864725,19.948368195264866,50.12941360473633,0.0,0,21,Centered,0,0,167,176
1763921426.9539242,20.601516759008213,48.54011535644531,0.0,0,21,Centered,0,0,169,176
1763921427.0250576,26.392051496636736,37.89019584655762,0.0,0,21,Centered,0,0,169,176
1763921427.0695784,26.855748852278474,37.23597526550293,0.0,0,21,Centered,0,0,168,176
1763921427.1176069,24.929146681406724,40.11368751525879,0.0,0,21,Centered,0,0,167,176
1763921427.1793392,21.827598409625512,45.813560485839844,0.0,0,21,Centered,0,0,164,170
1763921427.2264702,26.541524286835244,37.67681121826172,0.0,0,21,Centered,0,0,171,162
1763921427.2794158,22.675713227621927,44.100046157836914,0.0,0,21,Centered,0,0,177,163
1763921427.327191,25.651195929375646,38.98453712463379,0.0,0,21,Centered,0,0,183,173
1763921427.37879,24.298747494409493,41.15438461303711,0.0,0,21,Centered,0,0,186,178
1763921427.4324026,23.148139563120193,43.200016021728516,0.0,0,21,Centered,0,0,184,181
1763921427.4866006,21.79357359604273,45.88508605957031,0.0,0,21,Centered,0,0,182,184
1763921427.5382354,23.050692459881294,43.38264465332031,0.0,0,21,Centered,0,0,175,188
1763921427.58193,26.61816427941335,37.56833076477051,0.0,0,21,Centered,0,0,171,185
1763921427.6363335,21.88146053640646,45.700788497924805,0.0,0,21,Centered,0,0,164,177
1763921427.686744,23.580860071175977,42.40727424621582,0.0,0,21,Centered,0,0,162,171
1763921427.7377484,23.080246743741988,43.32709312438965,0.0,0,21,Centered,0,0,153,153
1763921427.7857683,24.229825828254526,41.27144813537598,0.0,0,21,Centered,0,0,152,148
1763921427.831529,26.14201928410713,38.25259208679199,0.0,0,21,Centered,0,0,153,147
1763921427.8835042,23.13792380595121,43.21908950805664,0.0,0,21,Centered,0,0,152,144
1763921427.9348779,23.091555731730146,43.30587387084961,0.0,0,21,Centered,0,0,149,145
1763921427.9801223,26.967986677725698,37.081003189086914,0.0,0,21,Centered,0,0,148,149
1763921428.0322323,25.95886739904069,38.52248191833496,0.0,0,21,Centered,0,0,146,154
1763921428.0887742,24.080423013107207,41.527509689331055,0.0,0,21,Centered,0,0,144,160
1763921428.136021,24.984982695251766,40.0240421295166,0.0,0,21,Centered,0,0,138,172
1763921428.1866832,23.69315241828884,42.2062873840332,0.0,0,21,Centered,0,0,135,176
1763921428.234724,24.69053127299485,40.50135612487793,0.0,0,21,Centered,0,0,134,180
1763921428.282981,26.419647637584486,37.85061836242676,0.0,0,21,Centered,0,0,137,183
1763921428.3313742,27.717557806810596,36.07821464538574,0.0,0,21,Centered,0,0,153,188
1763921428.3797424,24.41060859139929,40.96579551696777,0.0,0,21,Centered,0,0,164,189
1763921428.4265327,24.452020614229415,40.89641571044922,0.0,0,21,Centered,0,0,173,179
1763921428.4718115,27.273817342393603,36.66520118713379,0.0,0,21,Centered,0,0,186,188
1763921428.5216565,25.18708189712117,39.7028923034668,0.0,0,21,Move Right,1,0,204,184
1763921428.5716543,23.591736178685732,42.38772392272949,0.0,0,21,Move Right,0,0,210,183
1763921428.616822,26.086738025786307,38.33365440368652,0.0,0,21,Move Right,0,0,211,170
1763921428.666583,24.251120246540967,41.23520851135254,0.0,0,21,Move Right,0,0,212,181
1763921428.7205393,23.173078304300024,43.15352439880371,0.0,0,21,Move Right,0,0,209,179
1763921428.7747066,23.095497420253626,43.29848289489746,0.0,0,21,Move Right,0,0,203,178
1763921428.819551,26.310268039167717,38.00797462463379,0.0,0,21,Centered,1,0,184,177
1763921428.8668454,26.627458449193107,37.55521774291992,0.0,0,21,Centered,0,0,174,178
1763921428.9163065,24.488568158994838,40.83538055419922,0.0,0,21,Centered,0,0,162,178
1763921428.9707544,21.54604529786764,46.41222953796387,0.0,0,21,Centered,0,0,142,180
1763921429.0169046,24.931073016476855,40.11058807373047,0.0,0,21,Centered,0,0,133,180
1763921429.0625417,27.44514313757566,36.43631935119629,0.0,0,21,Centered,0,0,126,181
1763921429.1166124,23.074279049809103,43.33829879760742,0.0,0,21,Centered,0,0,120,180
1763921429.1702306,21.812841288497342,45.84455490112305,0.0,0,21,Centered,0,0,117,180
1763921429.2213624,23.313604731307112,42.893409729003906,0.0,0,21,Centered,0,0,120,180
1763921429.2766466,21.302778201025955,46.94223403930664,0.0,0,21,Centered,0,0,127,181
1763921429.3249366,26.68166261657273,37.47892379760742,0.0,0,21,Centered,0,0,136,182
1763921429.3762486,23.689271695235945,42.21320152282715,0.0,0,21,Centered,0,0,145,181
1763921429.4314928,21.582965410067203,46.33283615112305,0.0,0,21,Centered,0,0,164,180
1763921429.4795463,25.564268691830875,39.11709785461426,0.0,0,21,Centered,0,0,173,180
1763921429.5311222,23.86938236616416,41.89467430114746,0.0,0,21,Centered,0,0,174,173
1763921429.5847967,24.796944651366275,40.32754898071289,0.0,0,21,Centered,0,0,199,171
1763921429.6396062,22.529430090777247,44.38638687133789,0.0,0,21,Move Right,1,0,208,179
1763921429.6914828,23.124784289077446,43.2436466217041,0.0,0,21,Move Right,0,0,211,172
1763921429.7355855,28.215021358178333,35.44211387634277,0.0,0,21,Move Right,0,0,214,174
1763921429.7830496,26.399028203498215,37.88018226623535,0.0,0,21,Move Right,0,0,213,179
1763921429.8263922,28.981399076863546,34.50489044189453,0.0,0,21,Move Right,0,0,206,178
1763921429.874669,26.35357984354874,37.94550895690918,0.0,0,21,Centered,1,0,196,176
1763921429.9198973,26.09355422698627,38.32364082336426,0.0,0,21,Centered,0,0,170,172
1763921429.962807,27.494437925677314,36.37099266052246,0.0,0,21,Centered,0,0,157,170
1763921430.0073223,26.70544639559908,37.4455451965332,0.0,0,21,Centered,0,0,146,169
1763921430.051411,27.266902433950488,36.67449951171875,0.0,0,21,Centered,0,0,136,168
1763921430.094647,28.051229576720637,35.64906120300293,0.0,0,21,Centered,0,0,150,130
1763921430.142317,27.461495148427986,36.41462326049805,0.0,0,21,Centered,0,0,152,167
1763921430.1886246,27.409093879471463,36.4842414855957,0.0,0,21,Centered,0,0,153,164
1763921430.235424,26.380265921984478,37.90712356567383,0.0,0,21,Centered,0,0,159,165
1763921430.284474,25.19933912103097,39.68358039855957,0.0,0,21,Centered,0,0,178,158
1763921430.3296444,26.795870387406726,37.319183349609375,0.0,0,21,Centered,0,0,183,161
1763921430.3740916,26.250001564622018,38.09523582458496,0.0,0,21,Centered,0,0,197,159
1763921430.417165,27.901573257941127,35.84027290344238,0.0,0,21,Move Right,1,0,205,155
1763921430.4632523,25.91444035291501,38.588523864746094,0.0,0,21,Move Right,0,0,213,156
1763921430.5099974,25.447631066429643,39.29638862609863,0.0,0,21,Move Right,0,0,238,137
1763921430.5528708,27.606818929770288,36.22293472290039,0.0,0,21,Move Right,0,0,248,153
1763921430.597484,27.647034783697737,36.170244216918945,0.0,0,21,Move Right,0,0,224,149
1763921430.6405265,27.56780702619212,36.27419471740723,0.0,0,21,Move Right,0,0,215,154
1763921430.6830084,28.280464699179426,35.360097885131836,0.0,0,21,Centered,1,0,197,151
1763921430.725896,28.264075419314405,35.38060188293457,0.0,0,21,Centered,0,0,157,147
1763921430.7685828,28.08353476039665,35.60805320739746,0.0,0,21,Centered,0,0,139,142
1763921430.813126,27.170988618033647,36.8039608001709,0.0,0,21,Centered,0,0,113,145
1763921430.8653302,24.34034552196798,41.08405113220215,0.0,0,21,Centered,0,0,120,123
1763921430.9124346,25.961116853696126,38.51914405822754,0.0,0,21,Centered,0,0,124,126
1763921430.958574,26.25016585097195,38.09499740600586,0.0,0,21,Centered,0,0,139,147
1763921431.0028913,28.236485303819794,35.4151725769043,0.0,0,21,Centered,0,0,169,144
1763921431.0520344,24.474278778825507,40.859222412109375,0.0,0,21,Centered,0,0,193,146
1763921431.103997,23.86055613707732,41.91017150878906,0.0,0,21,Move Right,1,0,207,143
1763921431.1530306,28.133075767332045,35.54534912109375,0.0,0,21,Move Right,0,0,211,133
1763921431.2054472,22.642539408335132,44.16465759277344,0.0,0,21,Move Right,0,0,230,112
1763921431.2557306,23.285389116507332,42.94538497924805,0.0,0,21,Move Right,0,0,267,129
1763921431.3025084,25.591877577917163,39.07489776611328,0.0,0,21,Move Right,0,0,207,133
1763921431.3532083,24.09633238349113,41.500091552734375,0.0,0,21,Centered,1,0,191,139
1763921431.4078543,23.83276227491491,41.95904731750488,0.0,0,21,Centered,0,0,172,135
1763921431.4592829,23.88719046859694,41.863441467285156,0.0,0,21,Centered,0,0,151,133
1763921431.5069666,24.955251587107984,40.071725845336914,0.0,0,21,Centered,0,0,118,169
1763921431.5522828,26.56135773541891,37.648677825927734,0.0,0,21,Centered,0,0,109,167
1763921431.6061845,25.25639342682861,39.59393501281738,0.0,0,21,Move Left,1,0,88,157
1763921431.666145,22.495717327526563,44.45290565490723,0.0,0,21,Centered,1,0,115,152
1763921431.7197886,22.250713520280954,44.942378997802734,0.0,0,21,Centered,0,0,134,165
1763921431.7751753,21.2375199372136,47.086477279663086,0.0,0,21,Centered,0,0,149,164
1763921431.8274927,22.867959915818858,43.729305267333984,0.0,0,21,Centered,0,0,163,163
1763921431.8749986,24.822773273362134,40.285587310791016,0.0,0,21,Centered,0,0,181,145
1763921431.9272857,24.32467668039204,41.11051559448242,0.0,0,21,Centered,0,0,153,210
1763921431.9830399,21.50450926206016,46.501874923706055,0.0,0,21,Centered,0,0,180,148
1763921432.043453,19.158896776020683,52.195072174072266,0.0,0,21,Centered,0,0,173,147
1763921432.0965312,22.43555194197348,44.57211494445801,0.0,0,21,Centered,0,0,170,149
1763921432.1488588,23.29974724328528,42.91892051696777,0.0,0,21,Centered,0,0,161,149
1763921432.1927528,27.097087629532005,36.904335021972656,0.0,0,21,Centered,0,0,155,151
1763921432.2492719,25.145255181261728,39.76893424987793,0.0,0,21,Centered,0,0,153,154
1763921432.303582,22.042105041884323,45.36771774291992,0.0,0,21,Centered,0,0,155,158
1763921432.355922,22.941381743396764,43.58935356140137,0.0,0,21,Centered,0,0,159,171
1763921432.4078321,22.691170344562682,44.07000541687012,0.0,0,21,Centered,0,0,160,172
1763921432.4587674,23.893313888904714,41.852712631225586,0.0,0,21,Centered,0,0,160,174
1763921432.508023,28.657055793170358,34.89542007446289,0.0,0,21,Centered,0,0,162,177
1763921432.562974,22.791042910782306,43.87688636779785,0.0,0,21,Centered,0,0,162,180
1763921432.6143892,23.21463401134634,43.076276779174805,0.0,0,21,Centered,0,0,162,183
1763921432.666028,25.52832623250152,39.17217254638672,0.0,0,21,Centered,0,0,162,183
1763921432.7155597,24.928257704080117,40.1151180267334,0.0,0,21,Centered,0,0,162,187
1763921432.7729375,24.07088747073137,41.54396057128906,0.0,0,21,Centered,0,0,163,188
1763921432.8263938,26.106547326357983,38.30456733703613,0.0,0,21,Centered,0,0,164,190
1763921432.8787038,23.01856059358776,43.44320297241211,0.0,0,21,Centered,0,0,169,188
1763921432.932673,21.601862343173813,46.29230499267578,0.0,0,21,Centered,0,0,171,188
1763921432.9823194,24.150720899166245,41.40663146972656,0.0,0,21,Centered,0,0,173,188
1763921433.0322104,27.084664113806753,36.92126274108887,0.0,0,21,Centered,0,0,173,186
1763921433.0798705,25.15913167097552,39.746999740600586,0.0,0,21,Centered,0,0,173,188
1763921433.125812,26.46716139128679,37.78266906738281,0.0,0,21,Centered,0,0,172,186
1763921433.176896,24.66816837127784,40.53807258605957,0.0,0,21,Centered,0,0,168,181
1763921433.2275798,25.207062754666634,39.67142105102539,0.0,0,21,Centered,0,0,165,177
1763921433.2826686,22.96009371681319,43.553829193115234,0.0,0,21,Centered,0,0,161,174
1763921433.333612,22.62824711232918,44.19255256652832,0.0,0,21,Centered,0,0,158,170
1763921433.383735,23.581257800816346,42.406558990478516,0.0,0,21,Centered,0,0,152,164
1763921433.4313214,24.75450317524021,40.396690368652344,0.0,0,21,Centered,0,0,150,164
1763921433.4788918,26.39952668084946,37.87946701049805,0.0,0,21,Centered,0,0,148,164
1763921433.5344777,23.486580469585572,42.577505111694336,0.0,0,21,Centered,0,0,146,166
1763921433.5830152,24.819394886178717,40.29107093811035,0.0,0,21,Centered,0,0,138,168
1763921433.6292603,25.430196320952625,39.32332992553711,0.0,0,21,Centered,0,0,134,169
1763921433.6823328,24.958370028324566,40.06671905517578,0.0,0,21,Centered,0,0,129,170
1763921433.7351875,23.656937229620354,42.27089881896973,0.0,0,21,Centered,0,0,126,171
1763921433.7861972,23.38222767309622,42.76752471923828,0.0,0,21,Centered,0,0,121,171
1763921433.8329105,25.775570905336643,38.796424865722656,0.0,0,21,Centered,0,0,120,171
1763921433.8793163,26.714461322887807,37.43290901184082,0.0,0,21,Centered,0,0,120,171
1763921433.926742,26.39271578602936,37.88924217224121,0.0,0,21,Centered,0,0,120,171
1763921433.974765,25.443926112408626,39.30211067199707,0.0,0,21,Centered,0,0,121,173
1763921434.0251396,23.84590544197576,41.93592071533203,0.0,0,21,Centered,0,0,121,174
1763921434.068803,26.9133048862652,37.15634346008301,0.0,0,21,Centered,0,0,122,175
1763921434.123952,22.02231474821088,45.40848731994629,0.0,0,21,Centered,0,0,122,176
1763921434.1793337,22.85898651668247,43.7464714050293,0.0,0,21,Centered,0,0,123,178
1763921434.231167,22.3450715480592,44.75259780883789,0.0,0,21,Centered,0,0,126,181
1763921434.2833712,22.905174861836212,43.65825653076172,0.0,0,21,Centered,0,0,128,183
1763921434.3291314,24.924998662918878,40.12036323547363,0.0,0,21,Centered,0,0,130,184
1763921434.3783329,24.40677334885074,40.972232818603516,0.0,0,21,Centered,0,0,131,185
1763921434.4281309,23.45886327281676,42.627811431884766,0.0,0,21,Centered,0,0,133,185
1763921434.4783332,23.544458415663733,42.47283935546875,0.0,0,21,Centered,0,0,134,186
1763921434.524307,25.598125137319045,39.06536102294922,0.0,0,21,Centered,0,0,134,187
1763921434.572205,26.328930849193995,37.98103332519531,0.0,0,21,Centered,0,0,135,188
1763921434.6228247,24.69285701670209,40.497541427612305,0.0,0,21,Centered,0,0,137,190
1763921434.6737502,22.857989907026933,43.74837875366211,0.0,0,21,Centered,0,0,138,191
1763921434.719649,25.384025079584106,39.39485549926758,0.0,0,21,Centered,0,0,138,191
1763921434.7665482,27.37045979561739,36.53573989868164,0.0,0,21,Centered,0,0,137,192
1763921434.8227768,23.449944650065415,42.64402389526367,0.0,0,21,Centered,0,0,136,191
1763921434.8689616,26.35192410391732,37.947893142700195,0.0,0,21,Centered,0,0,136,191
1763921434.9143145,26.94356009507291,37.114620208740234,0.0,0,21,Centered,0,0,136,191
1763921434.9692428,22.747040224742257,43.96176338195801,0.0,0,21,Centered,0,0,136,192
1763921435.0248427,21.23569200858682,47.09053039550781,0.0,0,21,Centered,0,0,139,193
1763921435.0760615,25.108826962794456,39.82663154602051,0.0,0,21,Centered,0,0,141,193
1763921435.1230905,25.427267160948876,39.32785987854004,0.0,0,21,Centered,0,0,144,194
1763921435.171018,24.83703137860996,40.262460708618164,0.0,0,21,Centered,0,0,145,193
1763921435.2211719,24.81587059289894,40.29679298400879,0.0,0,21,Centered,0,0,147,193
1763921435.273477,23.340070337888974,42.84477233886719,0.0,0,21,Centered,0,0,146,190
1763921435.3280344,21.50925128205128,46.49162292480469,0.0,0,21,Centered,0,0,145,188
1763921435.3790982,23.38457421304401,42.76323318481445,0.0,0,21,Centered,0,0,144,186
1763921435.4301846,23.38379198073235,42.76466369628906,0.0,0,21,Centered,0,0,143,180
1763921435.479117,25.472977158578136,39.25728797912598,0.0,0,21,Centered,0,0,143,177
1763921435.5312474,25.082699932423946,39.86811637878418,0.0,0,21,Centered,0,0,143,175
1763921435.5808434,24.099516780528727,41.49460792541504,0.0,0,21,Centered,0,0,143,172
1763921435.6287618,25.43806214103334,39.31117057800293,0.0,0,21,Centered,0,0,140,168
1763921435.6800282,24.910047630925657,40.14444351196289,0.0,0,21,Centered,0,0,138,165
1763921435.7326176,23.379230001727954,42.77300834655762,0.0,0,21,Centered,0,0,136,164
1763921435.7791247,26.855061050178318,37.236928939819336,0.0,0,21,Centered,0,0,133,162
1763921435.825162,25.7489870589102,38.83647918701172,0.0,0,21,Centered,0,0,131,161
1763921435.8730483,24.556958764395578,40.72165489196777,0.0,0,21,Centered,0,0,130,159
1763921435.9210937,26.460649418652334,37.79196739196777,0.0,0,21,Centered,0,0,129,157
1763921435.9676816,27.095512186928687,36.90648078918457,0.0,0,21,Centered,0,0,128,151
1763921436.0142875,25.333582986536847,39.47329521179199,0.0,0,21,Centered,0,0,126,150
1763921436.0617914,24.63658096765288,40.59004783630371,0.0,0,21,Centered,0,0,127,148
1763921436.11016,26.277630548507346,38.0551815032959,0.0,0,21,Centered,0,0,125,152
1763921436.159858,23.538380380492733,42.48380661010742,0.0,0,21,Centered,0,0,126,156
1763921436.2050822,25.92837758476803,38.56778144836426,0.0,0,21,Centered,0,0,126,161
1763921436.2487767,28.21805851761651,35.43829917907715,0.0,0,21,Centered,0,0,129,171
1763921436.304,21.109045430982853,47.373056411743164,0.0,0,21,Centered,0,0,130,175
1763921436.354121,23.60209105897844,42.36912727355957,0.0,0,21,Centered,0,0,132,178
1763921436.4031754,24.393146685587336,40.995121002197266,0.0,0,21,Centered,0,0,136,183
1763921436.4496508,25.749303210755723,38.836002349853516,0.0,0,21,Centered,0,0,139,190
1763921436.4980593,27.891924961929018,35.852670669555664,0.0,0,21,Centered,0,0,143,195
1763921436.550017,22.541538130810984,44.362545013427734,0.0,0,21,Centered,0,0,146,205
1763921436.594082,26.874505029794324,37.20998764038086,0.0,0,21,Centered,0,0,147,209
1763921436.6489916,22.526889054787826,44.39139366149902,0.0,0,21,Centered,0,0,149,211
1763921436.70234,24.317625231910945,41.1224365234375,0.0,0,21,Centered,0,0,150,214
1763921436.7498887,25.04914508220708,39.92152214050293,0.0,0,21,Centered,0,0,150,220
1763921436.800402,22.763706622379974,43.9295768737793,0.0,0,21,Centered,0,0,148,222
1763921436.8427763,27.64812825059491,36.168813705444336,0.0,0,21,Centered,0,0,145,223
1763921436.894597,25.744877791281503,38.84267807006836,0.0,0,21,Centered,0,0,143,224
1763921436.9419749,25.81856906305208,38.73181343078613,0.0,0,21,Centered,0,0,137,225
1763921436.9897778,24.83320801188876,40.268659591674805,0.0,0,21,Centered,0,0,134,226
1763921437.0383837,27.67476263056144,36.13400459289551,0.0,0,21,Centered,0,0,132,225
1763921437.0892298,22.72842744120516,43.997764587402344,0.0,0,21,Centered,0,0,132,223
1763921437.1325696,27.382074332308374,36.52024269104004,0.0,0,21,Centered,0,0,132,219
1763921437.1763172,27.78752103456957,35.98737716674805,0.0,0,21,Centered,0,0,131,208
1763921437.2245262,25.10552053966373,39.83187675476074,0.0,0,21,Centered,0,0,128,201
1763921437.2743971,24.563142729977276,40.711402893066406,0.0,0,21,Centered,0,0,125,191
1763921437.3191462,26.76919149370708,37.35637664794922,0.0,0,21,Centered,0,0,123,182
1763921437.3622553,28.924040245222777,34.57331657409668,0.0,0,21,Centered,0,0,124,171
1763921437.407949,26.730635396086928,37.41025924682617,0.0,0,21,Centered,0,0,125,158
1763921437.4529204,26.22866183487271,38.126230239868164,0.0,0,21,Centered,0,0,126,154
1763921437.4943159,28.33950892555506,35.28642654418945,0.0,0,21,Centered,0,0,126,153
1763921437.5390112,26.726036562442253,37.416696548461914,0.0,0,21,Centered,0,0,126,152
1763921437.5832598,26.813000230137828,37.29534149169922,0.0,0,21,Centered,0,0,126,152
1763921437.6248677,27.80926112555031,35.95924377441406,0.0,0,21,Centered,0,0,126,152
1763921437.6680694,27.16201479102177,36.81612014770508,0.0,0,21,Centered,0,0,125,152
1763921437.7099094,27.54499543576912,36.30423545837402,0.0,0,21,Centered,0,0,123,156
1763921437.753524,27.502731057998098,36.36002540588379,0.0,0,21,Centered,0,0,120,159
1763921437.7999265,27.099888868787637,36.90052032470703,0.0,0,21,Centered,0,0,119,160
1763921437.8444333,26.36965132215921,37.92238235473633,0.0,0,21,Centered,0,0,117,162
1763921437.8880546,27.69010978854317,36.11397743225098,0.0,0,21,Centered,0,0,115,162
1763921437.9335728,27.670563398865287,36.139488220214844,0.0,0,21,Centered,0,0,114,161
1763921437.9808052,25.66767844903554,38.959503173828125,0.0,0,21,Centered,0,0,113,162
1763921438.0243542,28.943600643144507,34.54995155334473,0.0,0,21,Centered,0,0,111,161
1763921438.068617,26.33372469000157,37.97411918640137,0.0,0,21,Centered,0,0,112,159
1763921438.113494,26.743929810242808,37.39166259765625,0.0,0,21,Centered,0,0,110,161
1763921438.15613,28.012636162667217,35.69817543029785,0.0,0,21,Centered,0,0,108,161
1763921438.1993268,28.861942018813263,34.64770317077637,0.0,0,21,Centered,0,0,105,162
1763921438.244099,28.107812520941952,35.57729721069336,0.0,0,21,Centered,0,0,104,163
1763921438.2918246,25.01478472980146,39.97635841369629,0.0,0,21,Centered,0,0,103,164
1763921438.3376856,27.32445602605863,36.597251892089844,0.0,0,21,Centered,0,0,103,166
1763921438.3830154,26.32595623956516,37.98532485961914,0.0,0,21,Centered,0,0,103,166
1763921438.4243274,28.957388638811413,34.53350067138672,0.0,0,21,Centered,0,0,102,166
1763921438.4687078,26.311258319689358,38.00654411315918,0.0,0,21,Centered,0,0,101,165
1763921438.5260847,19.636898212956417,50.92453956604004,0.0,0,21,Centered,0,0,101,163
1763921438.5779495,21.690449964058725,46.10323905944824,0.0,0,21,Centered,0,0,101,158
1763921438.6308944,23.23508165481176,43.038368225097656,0.0,0,21,Centered,0,0,100,155
1763921438.6843357,21.573418372595413,46.35334014892578,0.0,0,21,Centered,0,0,100,153
1763921438.7305784,25.504110521963323,39.20936584472656,0.0,0,21,Centered,0,0,100,151
1763921438.7760746,27.447298331948197,36.43345832824707,0.0,0,21,Centered,0,0,101,148
1763921438.8300235,23.21142224681793,43.082237243652344,0.0,0,21,Centered,0,0,102,144
1763921438.8866742,20.436293473918084,48.932552337646484,0.0,0,21,Centered,0,0,102,144
1763921438.9390717,22.456933892306623,44.52967643737793,0.0,0,21,Centered,0,0,103,145
1763921438.9851477,25.638652020563228,39.003610610961914,0.0,0,21,Centered,0,0,102,148
1763921439.0315819,26.423642216804318,37.84489631652832,0.0,0,21,Centered,0,0,101,153
1763921439.0851884,24.06660584465139,41.55135154724121,0.0,0,21,Centered,0,0,101,155
1763921439.1318827,24.996001168064172,40.006399154663086,0.0,0,21,Move Left,1,0,99,159
1763921439.1766436,26.067930813740297,38.361310958862305,0.0,0,21,Move Left,0,0,99,162
1763921439.2229636,27.32605820536709,36.59510612487793,0.0,0,21,Move Left,0,0,98,170
1763921439.2732244,23.39396508449997,42.74606704711914,0.0,0,21,Move Left,0,0,97,174
1763921439.3208094,25.22995855464591,39.635419845581055,0.0,0,21,Move Left,0,0,97,178
1763921439.364859,27.02410989265879,37.00399398803711,0.0,0,21,Centered,1,0,134,193
1763921439.4178884,25.970922600619193,38.504600524902344,0.0,0,21,Centered,0,0,147,200
1763921439.4722106,21.763267678130383,45.94898223876953,0.0,0,21,Centered,0,0,151,197
1763921439.5217965,23.951574956029145,41.75090789794922,0.0,0,21,Centered,0,0,153,196
1763921439.5700307,24.167141062723992,41.37849807739258,0.0,0,21,Centered,0,0,154,195
1763921439.6197248,25.886451023594834,38.63024711608887,0.0,0,21,Centered,0,0,154,195
1763921439.675226,22.284168973376758,44.87490653991699,0.0,0,21,Centered,0,0,154,196
1763921439.7220073,24.71876049763969,40.45510292053223,0.0,0,21,Centered,0,0,156,193
1763921439.772228,23.54022988505747,42.48046875,0.0,0,21,Centered,0,0,157,193
1763921439.8174188,27.26849787081884,36.672353744506836,0.0,0,21,Centered,0,0,157,192
1763921439.8660643,24.25673026319594,41.22567176818848,0.0,0,21,Centered,0,0,154,195
1763921439.9174588,23.201150569753292,43.10131072998047,0.0,0,21,Centered,0,0,153,194
1763921439.9681447,25.77794713261098,38.79284858703613,0.0,0,21,Centered,0,0,152,194
1763921440.0140808,25.85804383342067,38.672685623168945,0.0,0,21,Centered,0,0,151,194
1763921440.0728748,23.490131947400254,42.571067810058594,0.0,0,21,Centered,0,0,150,194
1763921440.1267238,23.130905701790667,43.23220252990723,0.0,0,21,Centered,0,0,149,195
1763921440.1795087,24.58185739570757,40.6804084777832,0.0,0,21,Centered,0,0,148,195
1763921440.2286823,24.034748725001432,41.60642623901367,0.0,0,21,Centered,0,0,146,195
1763921440.2776883,23.95526846346715,41.74447059631348,0.0,0,21,Centered,0,0,145,195
1763921440.3317244,25.01150302632756,39.98160362243652,0.0,0,21,Centered,0,0,145,197
1763921440.383329,25.10612164273358,39.830923080444336,0.0,0,21,Centered,0,0,146,197
1763921440.4348416,24.264167534420917,41.213035583496094,0.0,0,21,Centered,0,0,146,197
1763921440.4828777,25.799987697607186,38.759708404541016,0.0,0,21,Centered,0,0,147,197
1763921440.5332415,25.034642473439177,39.94464874267578,0.0,0,21,Centered,0,0,148,197
1763921440.5801044,26.696607472471516,37.457942962646484,0.0,0,21,Centered,0,0,149,197
1763921440.6329825,21.875297934149383,45.71366310119629,0.0,0,21,Centered,0,0,151,197
1763921440.6830726,23.722365503823358,42.15431213378906,0.0,0,21,Centered,0,0,152,197
1763921440.7263083,26.80871571654107,37.30130195617676,0.0,0,21,Centered,0,0,153,198
1763921440.7798898,25.53874069157843,39.156198501586914,0.0,0,21,Move Right,1,0,234,182
1763921440.829211,23.903935257743708,41.834115982055664,0.0,0,21,Move Right,0,0,231,183
1763921440.8809595,22.716363912087434,44.0211296081543,0.0,0,21,Move Right,0,0,228,185
1763921440.9274044,25.19949051933383,39.68334197998047,0.0,0,0,Move Right,0,0,221,188
1763921441.0223076,11.88087131405263,84.16891098022461,0.0,0,21,Move Right,0,0,212,192
1763921441.0737767,22.46294739209837,44.51775550842285,0.0,0,21,Centered,1,0,200,192
1763921441.1201408,27.28180044230519,36.65447235107422,0.0,0,21,Centered,0,0,195,189
1763921441.1764352,22.664930264729247,44.12102699279785,0.0,0,21,Centered,0,0,190,188
1763921441.2298305,21.697182260709425,46.08893394470215,0.0,0,21,Centered,0,0,183,188
1763921441.2792318,24.08650759468229,41.517019271850586,0.0,0,21,Centered,0,0,162,187
1763921441.3266654,25.04151790511899,39.93368148803711,0.0,0,21,Centered,0,0,156,187
1763921441.3744557,24.733336871465553,40.43126106262207,0.0,0,21,Centered,0,0,150,187
1763921441.428868,22.208417831103297,45.027971267700195,0.0,0,21,Centered,0,0,144,187
1763921441.4845786,23.039296896457017,43.40410232543945,0.0,0,21,Centered,0,0,134,187
1763921441.5394416,22.007177786639243,45.439720153808594,0.0,0,21,Centered,0,0,129,187
1763921441.5890698,23.879574594065268,41.876792907714844,0.0,0,21,Centered,0,0,125,187
1763921441.638161,24.283272735693938,41.18061065673828,0.0,0,21,Centered,0,0,121,187
1763921441.6849015,26.94113717530382,37.117958068847656,0.0,0,21,Centered,0,0,117,188
1763921441.7327898,26.73745139287308,37.40072250366211,0.0,0,21,Centered,0,0,116,188
1763921441.7796342,24.88728550067643,40.18115997314453,0.0,0,21,Centered,0,0,116,186
1763921441.8281565,25.05498076509522,39.91222381591797,0.0,0,21,Centered,0,0,117,184
1763921441.8765297,26.558498546796937,37.65273094177246,0.0,0,21,Centered,0,0,117,183
1763921441.929987,23.146223421573982,43.20359230041504,0.0,0,21,Centered,0,0,115,182
1763921441.9769983,25.553366354126684,39.13378715515137,0.0,0,21,Centered,0,0,115,182
1763921442.0305865,21.577524783545886,46.34451866149902,0.0,0,21,Centered,0,0,115,181
1763921442.0773094,24.57364822507221,40.69399833679199,0.0,0,21,Centered,0,0,117,179
1763921442.1296844,24.01259510737329,41.64481163024902,0.0,0,21,Centered,0,0,120,177
1763921442.180106,25.799194218053206,38.76090049743652,0.0,0,21,Centered,0,0,122,175
1763921442.2284653,24.753334434975567,40.398597717285156,0.0,0,21,Centered,0,0,122,174
1763921442.2752814,26.623740002539037,37.560462951660156,0.0,0,21,Centered,0,0,117,179
1763921442.3221965,26.764237810519866,37.363290786743164,0.0,0,21,Centered,0,0,112,185
1763921442.3752832,25.987496669702658,38.48004341125488,0.0,0,21,Centered,0,0,108,188
1763921442.4296446,21.788705395872185,45.89533805847168,0.0,0,21,Centered,0,0,116,183
1763921442.48199,22.227012819086077,44.99030113220215,0.0,0,21,Centered,0,0,129,171
1763921442.5317175,23.473042096191083,42.6020622253418,0.0,0,21,Centered,0,0,126,175
1763921442.5808563,26.280100250626568,38.051605224609375,0.0,0,21,Centered,0,0,116,184
1763921442.6319442,26.381427412304152,37.90545463562012,0.0,0,21,Centered,0,0,121,176
1763921442.6798706,23.891816762933342,41.8553352355957,0.0,0,21,Centered,0,0,129,168
1763921442.7278125,25.090652405393442,39.8554801940918,0.0,0,21,Centered,0,0,122,176
1763921442.7742214,26.89121835189424,37.18686103820801,0.0,0,21,Centered,0,0,125,175
1763921442.82612,26.27861837365061,38.05375099182129,0.0,0,21,Centered,0,0,151,159
1763921442.8768044,23.293148067930648,42.93107986450195,0.0,0,21,Centered,0,0,162,155
1763921442.926008,24.55537731982905,40.72427749633789,0.0,0,21,Centered,0,0,169,154
1763921442.9822202,20.8555630693345,47.94883728027344,0.0,0,21,Centered,0,0,174,153
1763921443.027622,28.099527018879048,35.58778762817383,0.0,0,21,Centered,0,0,172,151
1763921443.0837576,22.291511875720808,44.860124588012695,0.0,0,21,Centered,0,0,133,162
1763921443.13818,21.805016765875596,45.861005783081055,0.0,0,21,Centered,0,0,102,131
1763921443.1928103,23.15440117033316,43.18833351135254,0.0,0,21,Centered,0,0,101,135
1763921443.2432663,23.07643722112491,43.334245681762695,0.0,0,21,Centered,0,0,168,169
1763921443.2971182,23.871827707298195,41.89038276672363,0.0,0,21,Centered,0,0,193,157
1763921443.3534086,21.37671564505196,46.77987098693848,0.0,0,21,Centered,0,0,200,178
1763921443.4029264,23.894402825647308,41.85080528259277,0.0,0,21,Move Right,1,0,206,213
1763921443.4515357,24.43720431611084,40.92121124267578,0.0,0,21,Centered,1,0,190,219
1763921443.496925,26.287182636925987,38.04135322570801,0.0,0,21,Centered,0,0,177,165
1763921443.5463796,25.507522775095175,39.20412063598633,0.0,0,21,Centered,0,0,159,154
1763921443.5995493,23.22414604570296,43.05863380432129,0.0,0,21,Centered,0,0,118,166
1763921443.6567025,21.775583417698517,45.92299461364746,0.0,0,21,Centered,0,0,104,166
1763921443.7096934,22.26086956521739,44.921875,0.0,0,21,Centered,0,0,100,176
1763921443.7632382,21.36234408503573,46.81134223937988,0.0,0,21,Centered,0,0,114,176
1763921443.8109734,24.902209213268343,40.15707969665527,0.0,0,21,Centered,0,0,178,172
1763921443.863334,25.736505267808383,38.85531425476074,0.0,0,21,Move Right,1,0,206,164
1763921443.919222,23.35683697619379,42.814016342163086,0.0,0,21,Move Right,0,0,218,148
1763921443.9722717,21.857969972223525,45.74990272521973,0.0,0,21,Move Right,0,0,212,218
1763921444.0168269,25.76717840972619,38.80906105041504,0.0,0,21,Move Right,0,0,218,152
1763921444.0672104,25.681980442942255,38.93780708312988,0.0,0,21,Move Right,0,0,205,154
1763921444.115281,25.031504944467986,39.949655532836914,0.0,0,21,Centered,1,0,142,172
1763921444.1686873,22.148490801174407,45.149803161621094,0.0,0,21,Centered,0,0,104,178
1763921444.2175183,24.685735809967746,40.50922393798828,0.0,0,21,Move Left,1,0,79,183
1763921444.2677612,24.3677792302106,41.037797927856445,0.0,0,21,Move Left,0,0,64,186
1763921444.3151054,27.229905280037393,36.72432899475098,0.0,0,21,Move Left,0,0,65,191
1763921444.3662653,22.76074192253009,43.935298919677734,0.0,0,21,Centered,1,0,106,191
1763921444.4151545,24.723568801282656,40.447235107421875,0.0,0,21,Centered,0,0,140,187
1763921444.4605296,25.737452827294206,38.85388374328613,0.0,0,21,Centered,0,0,173,178
1763921444.5112028,25.139528053655877,39.77799415588379,0.0,0,21,Centered,0,0,188,170
1763921444.5662453,22.57259409947582,44.301509857177734,0.0,0,21,Centered,0,0,173,163
1763921444.6149845,24.26360607182525,41.2139892578125,0.0,0,21,Centered,0,0,145,161
1763921444.6672893,22.497165262260175,44.45004463195801,0.0,0,21,Centered,0,0,113,164
1763921444.7160206,24.18720950348884,41.34416580200195,0.0,0,21,Move Left,1,0,90,171
1763921444.7663248,27.725986104959777,36.06724739074707,0.0,0,21,Move Left,0,0,77,182
1763921444.8173969,23.04676604887055,43.39003562927246,0.0,0,21,Move Left,0,0,93,183
1763921444.8652678,24.9892995877124,40.017127990722656,0.0,0,21,Centered,1,0,118,176
1763921444.9149637,23.37180430179427,42.786598205566406,0.0,0,21,Centered,0,0,157,168
1763921444.963326,27.88599086490835,35.860300064086914,0.0,0,21,Move Right,1,0,202,158
1763921445.0206015,22.477392940016397,44.489145278930664,0.0,0,21,Move Right,0,0,207,162
1763921445.0692494,24.41202935749914,40.96341133117676,0.0,0,21,Centered,1,0,199,160
1763921445.1172802,25.519472854822126,39.18576240539551,0.0,0,21,Centered,0,0,183,161
1763921445.164499,25.21964271755927,39.65163230895996,0.0,0,21,Centered,0,0,128,157
1763921445.2161362,25.669720615685915,38.956403732299805,0.0,0,21,Centered,0,0,109,158
1763921445.268865,22.79166213837025,43.875694274902344,0.0,0,21,Centered,0,0,114,165
1763921445.3167198,25.111232181237988,39.82281684875488,0.0,0,21,Centered,0,0,164,151
1763921445.368831,22.957077645564908,43.55955123901367,0.0,0,21,Centered,0,0,192,146
1763921445.4221232,23.433960577481788,42.67311096191406,0.0,0,21,Move Right,1,0,210,144
1763921445.4759734,25.164867735026068,39.73793983459473,0.0,0,21,Centered,1,0,191,218
1763921445.533048,24.815723769066018,40.29703140258789,0.0,0,21,Centered,0,0,190,153
1763921445.5863924,22.449962264958867,44.54350471496582,0.0,0,21,Centered,0,0,157,118
1763921445.6385887,22.743463219425436,43.96867752075195,0.0,0,21,Centered,0,0,133,136
1763921445.684509,26.51467873669305,37.71495819091797,0.0,0,21,Centered,0,0,128,158
1763921445.7386906,24.354196062036568,41.060686111450195,0.0,0,21,Centered,0,0,164,148
1763921445.7939122,22.869206778478112,43.72692108154297,0.0,0,21,Centered,0,0,198,139
1763921445.8409834,25.225558121632023,39.642333984375,0.0,0,21,Move Right,1,0,206,138
1763921445.8864055,26.168278409303603,38.21420669555664,0.0,0,21,Centered,1,0,198,155
1763921445.9344409,26.99558473321748,37.043094635009766,0.0,0,21,Centered,0,0,170,156
1763921445.9870138,23.33513591703664,42.85383224487305,0.0,0,21,Centered,0,0,121,153
1763921446.0425327,21.73372161711212,46.01144790649414,0.0,0,21,Centered,0,0,132,158
1763921446.0977154,21.87358671617506,45.71723937988281,0.0,0,21,Centered,0,0,160,145
1763921446.1467946,24.238927415626446,41.255950927734375,0.0,0,21,Centered,0,0,179,146
1763921446.1978955,25.15626461944461,39.751529693603516,0.0,0,21,Centered,0,0,180,148
1763921446.2541316,24.109352187158706,41.47768020629883,0.0,0,21,Centered,0,0,122,169
1763921446.3039663,23.920976388730466,41.80431365966797,0.0,0,21,Move Left,1,0,86,186
1763921446.3574994,22.210769906958763,45.023202896118164,0.0,0,21,Move Left,0,0,80,191
1763921446.403802,25.51807551440079,39.18790817260742,0.0,0,21,Centered,1,0,127,158
1763921446.4561875,23.868024059773855,41.89705848693848,0.0,0,21,Centered,0,0,156,148
1763921446.5087733,24.949017041905837,40.08173942565918,0.0,0,21,Centered,0,0,167,151
1763921446.5627394,21.54327861442689,46.418190002441406,0.0,0,21,Centered,0,0,161,155
1763921446.6118932,23.791125203491834,42.032480239868164,0.0,0,21,Centered,0,0,113,164
1763921446.6632164,22.460180782247356,44.52323913574219,0.0,0,21,Move Left,1,0,94,176
1763921446.7104764,26.77004576235488,37.35518455505371,0.0,0,21,Centered,1,0,102,183
1763921446.7679093,22.376423766158247,44.68989372253418,0.0,0,21,Centered,0,0,144,160
1763921446.8195522,22.902798481994157,43.66278648376465,0.0,0,21,Centered,0,0,160,159
1763921446.8720694,22.518302176504065,44.408321380615234,0.0,0,21,Centered,0,0,160,164
1763921446.919432,25.304848839524347,39.518117904663086,0.0,0,21,Centered,0,0,152,170
1763921446.9730673,23.971697843618013,41.71586036682129,0.0,0,21,Centered,0,0,139,200
1763921447.027225,25.84959755451195,38.68532180786133,0.0,0,0,Centered,0,0,154,222
1763921447.0888827,19.37519747965151,51.61237716674805,0.0,0,0,Centered,0,0,142,178
1763921447.150826,21.618563608811737,46.25654220581055,0.0,0,0,Centered,0,0,151,184
1763921447.2055378,22.444916546708694,44.553518295288086,0.0,0,0,Centered,0,0,132,172
1763921447.29045,13.292210961317842,75.23202896118164,0.0,0,21,Centered,0,0,143,173
1763921447.3356755,26.93698461222288,37.123680114746094,0.0,0,21,Centered,0,0,154,163
1763921447.3810997,27.31715958603891,36.60702705383301,0.0,0,21,Move Right,1,0,218,144
1763921447.4276688,26.027167066912398,38.4213924407959,0.0,0,21,Move Left,1,0,37,196
1763921447.4732442,28.021432102724443,35.68696975708008,0.0,0,21,Move Left,0,0,57,172
1763921447.5179024,27.73551992064804,36.05484962463379,0.0,0,21,Move Left,0,0,85,169
1763921447.5622923,26.810943492712862,37.29820251464844,0.0,0,21,Centered,1,0,104,162
1763921447.6062653,27.942280788242975,35.78805923461914,0.0,0,21,Centered,0,0,120,155
1763921447.6508458,26.496756056729524,37.740468978881836,0.0,0,21,Centered,0,0,131,151
1763921447.6937485,27.46239417530397,36.41343116760254,0.0,0,21,Centered,0,0,128,159
1763921447.735814,28.07639116668563,35.61711311340332,0.0,0,21,Centered,0,0,119,157
1763921447.7808375,26.843373802407665,37.25314140319824,0.0,0,21,Centered,0,0,109,161
1763921447.82597,27.12881046783134,36.86118125915527,0.0,0,21,Centered,0,0,108,155
1763921447.8701582,26.77260889547056,37.35160827636719,0.0,0,21,Centered,0,0,110,138
1763921447.910494,28.91666207048701,34.58213806152344,0.0,0,21,Centered,0,0,104,132
1763921447.9546678,27.250958327377628,36.69595718383789,0.0,0,21,Centered,0,0,106,113
1763921447.9992824,26.949792461801405,37.10603713989258,0.0,0,21,Centered,0,0,109,100
1763921448.0439048,28.750558655388453,34.78193283081055,0.0,0,21,Centered,0,0,112,89
1763921448.0926976,26.284382167521024,38.045406341552734,0.0,0,21,Centered,0,0,115,86
1763921448.1370447,26.895011894761815,37.18161582946777,0.0,0,21,Centered,0,0,120,89
1763921448.1821785,27.543548355321484,36.306142807006836,0.0,0,21,Centered,0,0,124,88
1763921448.2279415,28.028735056100185,35.67767143249512,0.0,0,21,Centered,0,0,124,87
1763921448.274131,26.12427126413872,38.27857971191406,0.0,0,21,Centered,0,0,125,88
1763921448.3191118,26.13843517277911,38.25783729553223,0.0,0,21,Centered,0,0,127,88
1763921448.362419,28.303938240613274,35.330772399902344,0.0,0,21,Centered,0,0,131,89
1763921448.408045,26.721439310924797,37.423133850097656,0.0,0,21,Centered,0,0,133,90
1763921448.4524798,26.79107795293697,37.32585906982422,0.0,0,21,Centered,0,0,135,92
1763921448.498875,26.2720342751912,38.06328773498535,0.0,0,21,Centered,0,0,139,86
1763921448.5508525,26.585432948588743,37.61458396911621,0.0,0,21,Centered,0,0,141,86
1763921448.5931838,27.751118168585418,36.034584045410156,0.0,0,21,Centered,0,0,142,91
1763921448.6353104,28.294773199492703,35.34221649169922,0.0,0,21,Centered,0,0,146,95
1763921448.6826112,26.94684904048159,37.110090255737305,0.0,0,21,Centered,0,0,146,96
1763921448.7337031,23.438674922323802,42.664527893066406,0.0,0,21,Centered,0,0,165,126
1763921448.7854533,24.23640629153232,41.2602424621582,0.0,0,21,Centered,0,0,171,121
1763921448.8332164,27.635922777887593,36.18478775024414,0.0,0,21,Centered,0,0,179,132
1763921448.8881526,21.770949256706253,45.932769775390625,0.0,0,21,Centered,0,0,177,131
1763921448.940632,22.392312209705835,44.65818405151367,0.0,0,21,Centered,0,0,171,123
1763921448.9909759,24.435495898583145,40.924072265625,0.0,0,21,Centered,0,0,170,121
1763921449.0373735,25.40847493563532,39.35694694519043,0.0,0,21,Centered,0,0,170,112
1763921449.0851252,25.56115278903522,39.12186622619629,0.0,0,21,Centered,0,0,172,104
1763921449.135237,25.238308421787373,39.62230682373047,0.0,0,21,Centered,0,0,179,99
1763921449.1812823,26.277630548507346,38.0551815032959,0.0,0,21,Centered,0,0,188,99
1763921449.2294369,24.059703204859776,41.56327247619629,0.0,0,21,Centered,0,0,187,101
1763921449.280093,24.648742676139936,40.57002067565918,0.0,0,21,Centered,0,0,184,97
1763921449.3328104,23.52926920940878,42.50025749206543,0.0,0,21,Centered,0,0,146,57
1763921449.3764813,27.47534669225781,36.39626502990723,0.0,0,21,Centered,0,0,164,143
1763921449.4293246,25.44963836706956,39.29328918457031,0.0,0,21,Centered,0,0,113,64
1763921449.4836094,25.534231897821773,39.16311264038086,0.0,0,21,Centered,0,0,171,116
1763921449.5317886,24.639475523859318,40.58527946472168,0.0,0,21,Centered,0,0,158,119
1763921449.5770683,27.49786274355545,36.36646270751953,0.0,0,21,Centered,0,0,161,104
1763921449.628315,24.885365926013826,40.18425941467285,0.0,0,21,Centered,0,0,164,100
1763921449.67779,25.6,39.0625,0.0,0,21,Centered,0,0,158,106
1763921449.7283645,23.9410478729173,41.76926612854004,0.0,0,21,Centered,0,0,157,106
1763921449.7877927,19.705815472219353,50.74644088745117,0.0,0,21,Centered,0,0,177,114
1763921449.8339274,25.190863718536225,39.69693183898926,0.0,0,21,Centered,0,0,179,114
1763921449.8788722,27.476966616005452,36.39411926269531,0.0,0,21,Centered,0,0,161,111
1763921449.929057,24.364523549503915,41.04328155517578,0.0,0,21,Centered,0,0,184,118
1763921449.9880254,20.06930441980755,49.82733726501465,0.0,0,21,Centered,0,0,185,118
1763921450.0394194,23.570391350282105,42.426109313964844,0.0,0,21,Move Right,1,0,219,131
1763921450.0863376,25.56909984271937,39.10970687866211,0.0,0,21,Move Right,0,0,220,134
1763921450.1367614,24.94352728483753,40.09056091308594,0.0,0,21,Move Right,0,0,223,138
1763921450.1904004,24.763272246363123,40.38238525390625,0.0,0,21,Move Right,0,0,227,128
1763921450.245878,20.89181771541569,47.86562919616699,0.0,0,21,Move Right,0,0,227,124
1763921450.297151,23.442867043752376,42.656898498535156,0.0,0,21,Move Right,0,0,226,134
1763921450.3490727,22.88817584528409,43.69068145751953,0.0,0,21,Move Right,0,0,227,133
1763921450.3957963,25.97639131458016,38.49649429321289,0.0,0,21,Move Right,0,0,230,138
1763921450.4491704,25.52599580074856,39.17574882507324,0.0,0,21,Move Right,0,0,236,138
1763921450.5064685,22.953057449626233,43.56718063354492,0.0,0,21,Move Right,0,0,238,132
1763921450.5544155,24.52751982409768,40.770530700683594,0.0,0,21,Move Right,0,0,235,136
1763921450.5998254,26.000545513154307,38.460731506347656,0.0,0,21,Move Right,0,0,225,142
1763921450.6510968,25.73571568819949,38.85650634765625,0.0,0,21,Centered,1,0,197,147
1763921450.7059033,21.887969273480635,45.687198638916016,0.0,0,21,Centered,0,0,153,136
1763921450.7584925,22.07249610575506,45.30525207519531,0.0,0,21,Centered,0,0,159,156
1763921450.8094797,24.02524931406412,41.62287712097168,0.0,0,21,Centered,0,0,145,146
1763921450.8609142,22.91017937905569,43.648719787597656,0.0,0,21,Centered,0,0,119,181
1763921450.9110477,26.648605719441143,37.52541542053223,0.0,0,21,Centered,0,0,111,192
1763921450.965424,23.7165975877999,42.16456413269043,0.0,0,21,Centered,0,0,103,205
1763921451.0153968,24.24495222460505,41.24569892883301,0.0,0,21,Centered,0,0,106,203
1763921451.0652409,24.318612188574445,41.12076759338379,0.0,0,21,Centered,0,0,101,193
1763921451.1133192,24.796504856664836,40.328264236450195,0.0,0,21,Centered,0,0,107,193
1763921451.1576443,26.970067581036158,37.078142166137695,0.0,0,21,Centered,0,0,121,192
1763921451.2098746,23.42257540305242,42.6938533782959,0.0,0,21,Centered,0,0,156,183
1763921451.2598896,23.392008031008615,42.749643325805664,0.0,0,21,Centered,0,0,149,154
1763921451.3059177,25.570035115099493,39.1082763671875,0.0,0,21,Move Right,1,0,226,164
1763921451.355771,26.403681390971528,37.87350654602051,0.0,0,21,Move Right,0,0,231,147
1763921451.4135282,26.541860200220217,37.676334381103516,0.0,0,21,Move Right,0,0,228,148
1763921451.4675794,22.6852794349103,44.08144950866699,0.0,0,21,Move Right,0,0,217,158
1763921451.5204074,22.17366526218961,45.09854316711426,0.0,0,21,Move Right,0,0,207,176
1763921451.573104,22.097381592118435,45.25423049926758,0.0,0,21,Centered,1,0,150,154
1763921451.6177266,26.573810790947565,37.63103485107422,0.0,0,21,Centered,0,0,110,205
1763921451.673472,27.283220149350818,36.652565002441406,0.0,0,21,Centered,0,0,133,210
1763921451.7213573,24.986024567214326,40.02237319946289,0.0,0,21,Centered,0,0,134,199
1763921451.7666156,25.740137958121608,38.849830627441406,0.0,0,21,Centered,0,0,164,186
1763921451.8097787,28.004406668758723,35.70866584777832,0.0,0,21,Centered,0,0,181,167
1763921451.8645935,23.367246998523637,42.79494285583496,0.0,0,21,Centered,0,0,198,144
1763921451.9172797,22.643761809642065,44.16227340698242,0.0,0,21,Move Right,1,0,207,140
1763921451.9679909,23.934080482070712,41.78142547607422,0.0,0,21,Move Right,0,0,216,155
1763921452.0161743,24.32651072690048,41.1074161529541,0.0,0,21,Move Right,0,0,203,154
1763921452.0625918,26.70986805237149,37.43934631347656,0.0,0,21,Centered,1,0,188,161
1763921452.112142,24.33427321567399,41.094303131103516,0.0,0,21,Centered,0,0,183,165
1763921452.159224,25.332052931335422,39.47567939758301,0.0,0,21,Centered,0,0,179,165
1763921452.2069635,24.137517480304087,41.42928123474121,0.0,0,21,Centered,0,0,186,188
1763921452.2552538,26.604825818892245,37.58716583251953,0.0,0,21,Centered,0,0,183,196
1763921452.305012,24.125993672706358,41.44906997680664,0.0,0,21,Centered,0,0,185,198
1763921452.3536618,24.25069959989824,41.235923767089844,0.0,0,21,Centered,0,0,186,200
1763921452.4031565,23.398793883505437,42.73724555969238,0.0,0,21,Centered,0,0,187,194
1763921452.4496937,27.689744182208287,36.11445426940918,0.0,0,21,Centered,0,0,178,185
1763921452.4971776,25.56785291930312,39.11161422729492,0.0,0,21,Centered,0,0,174,184
1763921452.547282,23.64346835928252,42.294979095458984,0.0,0,21,Centered,0,0,173,186
1763921452.590564,26.745635178737675,37.389278411865234,0.0,0,21,Centered,0,0,170,190
1763921452.6394145,27.253791472273843,36.692142486572266,0.0,0,21,Centered,0,0,160,188
1763921452.6917899,23.901347131362403,41.838645935058594,0.0,0,21,Centered,0,0,153,184
1763921452.7400875,24.621829303371314,40.61436653137207,0.0,0,21,Centered,0,0,146,179
1763921452.7837985,27.63574068827378,36.18502616882324,0.0,0,21,Centered,0,0,140,176
1763921452.8408654,21.990216792932603,45.47476768493652,0.0,0,21,Centered,0,0,133,176
1763921452.8928049,24.268519750736278,41.205644607543945,0.0,0,21,Centered,0,0,123,171
1763921452.9444764,22.74309324859967,43.96939277648926,0.0,0,21,Centered,0,0,117,169
1763921452.9930449,24.19921072673144,41.32366180419922,0.0,0,21,Centered,0,0,112,165
1763921453.0411382,25.908197490904374,38.597822189331055,0.0,0,21,Centered,0,0,105,165
1763921453.0963302,22.488842182020953,44.466495513916016,0.0,0,21,Move Left,1,0,98,159
1763921453.1493146,22.53112443327102,44.38304901123047,0.0,0,21,Move Left,0,0,98,156
1763921453.2011716,23.24486810019951,43.02024841308594,0.0,0,21,Move Left,0,0,99,153
1763921453.2455795,26.250330139378274,38.09475898742676,0.0,0,21,Move Left,0,0,99,151
1763921453.2866642,29.61598045515206,33.765554428100586,0.0,0,21,Move Left,0,0,99,145
1763921453.3309662,27.889513930447503,35.855770111083984,0.0,0,21,Move Left,0,0,98,145
1763921453.3756793,27.391909719047558,36.50712966918945,0.0,0,21,Move Left,0,0,97,143
1763921453.4181485,28.928229533071246,34.56830978393555,0.0,0,21,Move Left,0,0,99,136
1763921453.4643378,25.608909349566193,39.04891014099121,0.0,0,21,Centered,1,0,103,132
1763921453.5102208,25.74155972480499,38.84768486022949,0.0,0,21,Centered,0,0,106,128
1763921453.5540967,27.69120666547829,36.11254692077637,0.0,0,21,Centered,0,0,109,129
1763921453.59901,26.749217160604843,37.3842716217041,0.0,0,21,Centered,0,0,119,117
1763921453.644314,26.429136735979835,37.83702850341797,0.0,0,21,Centered,0,0,114,129
1763921453.686156,28.552297837289565,35.02345085144043,0.0,0,21,Centered,0,0,116,128
1763921453.7287238,28.25779155157313,35.38846969604492,0.0,0,21,Centered,0,0,117,129
1763921453.774462,26.287841657631006,38.0403995513916,0.0,0,21,Centered,0,0,117,130
1763921453.8174524,28.438465763084203,35.16364097595215,0.0,0,21,Centered,0,0,118,130
1763921453.862083,28.999232550904,34.48367118835449,0.0,0,21,Centered,0,0,117,134
1763921453.9068058,27.86672247579943,35.88509559631348,0.0,0,21,Centered,0,0,117,135
1763921453.95248,26.731146475300655,37.40954399108887,0.0,0,21,Centered,0,0,118,132
1763921453.997435,28.067560694879415,35.628318786621094,0.0,0,21,Centered,0,0,118,132
1763921454.0451245,26.57246395174983,37.63294219970703,0.0,0,21,Centered,0,0,118,132
1763921454.0878625,28.229453691302272,35.423994064331055,0.0,0,21,Centered,0,0,118,132
1763921454.1291873,28.608190325484955,34.95502471923828,0.0,0,21,Centered,0,0,118,131
1763921454.1735706,26.76013959690437,37.3690128326416,0.0,0,21,Centered,0,0,118,130
1763921454.2205253,27.41894868962091,36.47112846374512,0.0,0,21,Centered,0,0,118,131
1763921454.271219,25.443308724954353,39.30306434631348,0.0,0,21,Centered,0,0,120,130
1763921454.3154166,27.486690171304247,36.38124465942383,0.0,0,21,Centered,0,0,120,130
1763921454.359981,27.572518883242726,36.267995834350586,0.0,0,21,Centered,0,0,119,130
1763921454.4032452,28.22964368883684,35.42375564575195,0.0,0,21,Centered,0,0,116,142
1763921454.4494178,25.85565281716188,38.67626190185547,0.0,0,21,Centered,0,0,115,151
1763921454.5069277,22.439032741279693,44.56520080566406,0.0,0,21,Centered,0,0,117,153
1763921454.558839,22.905550124786334,43.657541275024414,0.0,0,21,Centered,0,0,118,154
1763921454.6103473,22.897547181141736,43.672800064086914,0.0,0,21,Centered,0,0,119,155
1763921454.653192,27.31555845001628,36.60917282104492,0.0,0,21,Centered,0,0,121,155
1763921454.6999602,26.844920059907068,37.25099563598633,0.0,0,21,Centered,0,0,123,153
1763921454.7474792,25.62862572331156,39.018869400024414,0.0,0,21,Centered,0,0,125,148
1763921454.7938893,25.44238269994844,39.304494857788086,0.0,0,21,Centered,0,0,129,134
1763921454.8468392,25.374196904983727,39.41011428833008,0.0,0,21,Centered,0,0,132,130
1763921454.9017642,22.059030188282318,45.332908630371094,0.0,0,21,Centered,0,0,133,129
1763921454.9514675,24.32552312903076,41.10908508300781,0.0,0,21,Centered,0,0,132,131
1763921454.997368,26.124922141664797,38.277626037597656,0.0,0,21,Centered,0,0,130,143
1763921455.0494814,24.221850059481874,41.285037994384766,0.0,0,21,Centered,0,0,127,155
1763921455.0953827,26.86108051335912,37.22858428955078,0.0,0,21,Centered,0,0,130,157
1763921455.144967,25.017321181466812,39.97230529785156,0.0,0,21,Centered,0,0,131,155
1763921455.196493,22.714518583505278,44.02470588684082,0.0,0,21,Centered,0,0,133,152
1763921455.242251,25.824450793025317,38.722991943359375,0.0,0,21,Centered,0,0,138,139
1763921455.2860932,27.55096625021348,36.29636764526367,0.0,0,21,Centered,0,0,142,125
1763921455.3381212,22.69620458653045,44.06023025512695,0.0,0,21,Centered,0,0,142,127
1763921455.3883157,24.132656701303784,41.437625885009766,0.0,0,21,Centered,0,0,140,136
1763921455.4329274,26.359376571141276,37.937164306640625,0.0,0,21,Centered,0,0,135,151
1763921455.4809399,25.882138052747848,38.63668441772461,0.0,0,21,Centered,0,0,135,154
1763921455.5331705,23.53072124231408,42.49763488769531,0.0,0,21,Centered,0,0,136,157
1763921455.5811179,24.646714890966464,40.5733585357666,0.0,0,21,Centered,0,0,137,154
1763921455.6299868,24.297339883214384,41.156768798828125,0.0,0,21,Centered,0,0,141,143
1763921455.6729128,27.473187091026993,36.399126052856445,0.0,0,21,Centered,0,0,143,132
1763921455.7286744,21.893796163382486,45.675039291381836,0.0,0,21,Centered,0,0,142,132
1763921455.7767665,24.5179136148149,40.7865047454834,0.0,0,21,Centered,0,0,140,136
1763921455.830192,21.697855720234863,46.08750343322754,0.0,0,21,Centered,0,0,139,135
1763921455.8833218,26.03589141945536,38.408517837524414,0.0,0,21,Centered,0,0,139,134
1763921455.9336925,27.430245637899915,36.45610809326172,0.0,0,21,Centered,0,0,135,147
1763921455.9928265,20.573020591149437,48.60734939575195,0.0,0,21,Centered,0,0,132,159
1763921456.0448081,24.091626555158587,41.50819778442383,0.0,0,21,Centered,0,0,133,156
1763921456.0963025,23.052086024105655,43.380022048950195,0.0,0,21,Centered,0,0,136,152
1763921456.1426551,26.37910453393375,37.90879249572754,0.0,0,21,Centered,0,0,140,142
1763921456.186834,28.005341595000267,35.70747375488281,0.0,0,21,Centered,0,0,138,141
1763921456.2408888,21.882373809834355,45.69888114929199,0.0,0,21,Centered,0,0,137,142
1763921456.2852137,26.651484343228955,37.5213623046875,0.0,0,21,Centered,0,0,136,142
1763921456.329394,26.92764602406235,37.13655471801758,0.0,0,21,Centered,0,0,136,142
1763921456.3764582,27.45394564591297,36.42463684082031,0.0,0,21,Centered,0,0,136,142
1763921456.4238527,25.072803897540126,39.88385200500488,0.0,0,21,Centered,0,0,136,143
1763921456.4730504,23.517791259686227,42.520999908447266,0.0,0,21,Centered,0,0,136,143
1763921456.5191026,27.17803106390975,36.794424057006836,0.0,0,21,Centered,0,0,136,142
1763921456.573001,22.475224923507252,44.49343681335449,0.0,0,21,Centered,0,0,137,142
1763921456.6242828,23.031706111690735,43.41840744018555,0.0,0,21,Centered,0,0,137,142
1763921456.667973,26.71463147435734,37.43267059326172,0.0,0,21,Centered,0,0,138,142
1763921456.7100484,28.00104145108852,35.71295738220215,0.0,0,21,Centered,0,0,138,142
1763921456.7604568,22.791166753608067,43.87664794921875,0.0,0,21,Centered,0,0,138,142
1763921456.8081806,25.273590590276942,39.566993713378906,0.0,0,21,Centered,0,0,138,142
1763921456.8489249,28.64472596892607,34.91044044494629,0.0,0,21,Centered,0,0,137,144
1763921456.896777,24.188883378124316,41.341304779052734,0.0,0,21,Centered,0,0,137,143
1763921456.9492571,22.271507917122438,44.90041732788086,0.0,0,21,Centered,0,0,136,143
1763921456.995044,25.89923863980191,38.61117362976074,0.0,0,21,Centered,0,0,135,145
1763921457.040237,27.193008389414036,36.7741584777832,0.0,0,21,Centered,0,0,135,150
1763921457.0940366,24.387331600644234,41.00489616394043,0.0,0,21,Centered,0,0,135,152
1763921457.1421778,24.969365035897557,40.049076080322266,0.0,0,21,Centered,0,0,135,152
1763921457.189097,25.610629411621034,39.046287536621094,0.0,0,21,Centered,0,0,137,150
1763921457.2384703,24.327639508378333,41.10550880432129,0.0,0,21,Centered,0,0,137,148
1763921457.2867737,27.291386333172834,36.641597747802734,0.0,0,21,Centered,0,0,139,143
1763921457.3374913,22.698783965883937,44.05522346496582,0.0,0,21,Centered,0,0,140,141
1763921457.3819,27.214357550236503,36.745309829711914,0.0,0,21,Centered,0,0,140,141
1763921457.4258175,27.801150674762045,35.96973419189453,0.0,0,21,Centered,0,0,140,141
1763921457.477934,25.357475802112365,39.43610191345215,0.0,0,21,Centered,0,0,140,141
1763921457.5259995,25.14510443394643,39.76917266845703,0.0,0,21,Centered,0,0,142,140
1763921457.5699742,27.111274861512406,36.88502311706543,0.0,0,21,Centered,0,0,142,141
1763921457.614264,26.38906260813761,37.894487380981445,0.0,0,21,Centered,0,0,143,140
1763921457.6619904,24.910195573029572,40.14420509338379,0.0,0,21,Centered,0,0,145,140
1763921457.716178,20.995349721934396,47.629594802856445,0.0,0,21,Centered,0,0,145,140
1763921457.757961,28.09124640010716,35.5982780456543,0.0,0,21,Centered,0,0,145,140
1763921457.8088794,22.499578901065888,44.44527626037598,0.0,0,21,Centered,0,0,144,140
1763921457.8606584,22.840314535276306,43.78223419189453,0.0,0,21,Centered,0,0,144,140
1763921457.9046159,27.140220781405702,36.84568405151367,0.0,0,21,Centered,0,0,143,140
1763921457.9463873,28.408032781333603,35.201311111450195,0.0,0,21,Centered,0,0,143,140
1763921457.9948382,23.734446972011906,42.13285446166992,0.0,0,21,Centered,0,0,142,141
1763921458.041686,25.755469723858006,38.826704025268555,0.0,0,21,Centered,0,0,140,140
1763921458.0905652,25.29767548462587,39.52932357788086,0.0,0,21,Centered,0,0,139,141
1763921458.13914,24.24663410122265,41.24283790588379,0.0,0,21,Centered,0,0,137,142
1763921458.1894224,24.108105001178302,41.47982597351074,0.0,0,21,Centered,0,0,139,140
1763921458.2353275,25.364222951929996,39.42561149597168,0.0,0,21,Centered,0,0,138,142
1763921458.2775333,27.81792979035264,35.94803810119629,0.0,0,21,Centered,0,0,137,143
1763921458.3267326,23.94200449807633,41.76759719848633,0.0,0,21,Centered,0,0,135,144
1763921458.3783853,22.52459051608399,44.39592361450195,0.0,0,21,Centered,0,0,134,144
1763921458.4301472,25.110781167680443,39.82353210449219,0.0,0,21,Centered,0,0,134,143
1763921458.4783223,24.17313023381803,41.36824607849121,0.0,0,21,Centered,0,0,135,143
1763921458.521059,27.635376516244655,36.185503005981445,0.0,0,21,Centered,0,0,135,142
1763921458.5717845,23.606474706769625,42.36125946044922,0.0,0,21,Centered,0,0,134,144
1763921458.6217067,23.713647645485743,42.169809341430664,0.0,0,21,Centered,0,0,128,160
1763921458.6687672,24.61344897803494,40.62819480895996,0.0,0,21,Centered,0,0,128,162
1763921458.7150126,27.402289238488475,36.49330139160156,0.0,0,21,Centered,0,0,127,165
1763921458.7712104,23.64746741238555,42.28782653808594,0.0,0,21,Centered,0,0,127,166
1763921458.8205776,24.038605701447715,41.59975051879883,0.0,0,21,Centered,0,0,126,166
1763921458.876843,20.961982298054384,47.70541191101074,0.0,0,21,Centered,0,0,127,162
1763921458.926343,23.73659607701101,42.1290397644043,0.0,0,21,Centered,0,0,127,145
1763921458.9721115,26.331906131110077,37.976741790771484,0.0,0,21,Centered,0,0,126,136
1763921459.0206041,26.702386106088774,37.44983673095703,0.0,0,21,Centered,0,0,128,139
1763921459.0705154,23.964712604273796,41.72801971435547,0.0,0,21,Centered,0,0,127,143
1763921459.1165867,25.475762121975958,39.25299644470215,0.0,0,21,Centered,0,0,127,138
1763921459.1595805,28.347361804799913,35.27665138244629,0.0,0,21,Centered,0,0,124,152
1763921459.2081394,24.46228858042692,40.879249572753906,0.0,0,21,Centered,0,0,126,167
1763921459.26062,22.184572419921295,45.07637023925781,0.0,0,21,Centered,0,0,125,167
1763921459.3077993,24.78229322997294,40.35139083862305,0.0,0,21,Centered,0,0,123,166
1763921459.3495228,28.49062268623868,35.09926795959473,0.0,0,21,Centered,0,0,126,151
1763921459.4013379,23.83249143422107,41.959524154663086,0.0,0,21,Centered,0,0,126,140
1763921459.4471848,25.88677056009875,38.629770278930664,0.0,0,21,Centered,0,0,124,145
1763921459.4885647,28.709035777599812,34.83223915100098,0.0,0,21,Centered,0,0,123,146
1763921459.5427833,23.617108493434536,42.342185974121094,0.0,0,21,Centered,0,0,122,141
1763921459.5941954,23.580860071175977,42.40727424621582,0.0,0,21,Centered,0,0,118,165
1763921459.6431072,24.562279664093886,40.712833404541016,0.0,0,21,Centered,0,0,121,168
1763921459.6908467,24.71482782190586,40.46154022216797,0.0,0,21,Centered,0,0,122,168
1763921459.7373464,27.164125746408818,36.81325912475586,0.0,0,21,Centered,0,0,120,159
1763921459.7881052,25.01150302632756,39.98160362243652,0.0,0,21,Centered,0,0,124,140
1763921459.8345916,25.01299460297582,39.97921943664551,0.0,0,21,Centered,0,0,120,145
1763921459.8815129,24.992575466863702,40.01188278198242,0.0,0,21,Centered,0,0,121,146
1763921459.924854,27.266547917777228,36.67497634887695,0.0,0,21,Centered,0,0,117,163
1763921459.9764974,23.616709553544784,42.3429012298584,0.0,0,21,Centered,0,0,119,170
1763921460.0263104,23.7585122834048,42.09017753601074,0.0,0,21,Centered,0,0,119,174
1763921460.0725355,26.33885107131195,37.96672821044922,0.0,0,21,Centered,0,0,119,174
1763921460.1171072,27.403363430856277,36.49187088012695,0.0,0,21,Centered,0,0,121,166
1763921460.165487,27.361532239125328,36.54766082763672,0.0,0,21,Centered,0,0,128,150
1763921460.2158072,23.266401513260444,42.98043251037598,0.0,0,21,Centered,0,0,124,157
1763921460.2634318,24.787419257613276,40.34304618835449,0.0,0,21,Centered,0,0,124,157
1763921460.307841,26.135992023928214,38.26141357421875,0.0,0,21,Centered,0,0,123,155
1763921460.3561847,24.340628028575242,41.083574295043945,0.0,0,21,Centered,0,0,117,165
1763921460.4044867,24.61258237341048,40.62962532043457,0.0,0,21,Centered,0,0,114,179
1763921460.4538488,23.607936284580532,42.3586368560791,0.0,0,21,Centered,0,0,112,187
1763921460.5005262,26.47986060254047,37.764549255371094,0.0,0,21,Centered,0,0,110,187
1763921460.548839,26.86865166811869,37.21809387207031,0.0,0,21,Centered,0,0,110,179
1763921460.5987515,23.241905542964485,43.02573204040527,0.0,0,21,Centered,0,0,112,163
1763921460.6459656,24.55753388565239,40.72070121765137,0.0,0,21,Centered,0,0,109,161
1763921460.6922438,27.524388883420283,36.3314151763916,0.0,0,21,Centered,0,0,104,167
1763921460.7381177,25.918123451297358,38.58304023742676,0.0,0,21,Centered,0,0,100,185
1763921460.8002455,17.792528867282616,56.203365325927734,0.0,0,21,Move Left,1,0,99,188
1763921460.8521383,25.57330910731597,39.10326957702637,0.0,0,21,Move Left,0,0,98,187
1763921460.9058037,21.11010785808835,47.37067222595215,0.0,0,21,Move Left,0,0,96,185
1763921460.9765992,20.07477959547034,49.81374740600586,0.0,0,21,Move Left,0,0,95,184
1763921461.0276518,25.178161299036528,39.71695899963379,0.0,0,21,Move Left,0,0,96,173
1763921461.0798008,25.576583938045,39.098262786865234,0.0,0,21,Move Left,0,0,98,156
1763921461.132914,22.58487020294756,44.27742958068848,0.0,0,21,Move Left,0,0,96,156
1763921461.183795,24.48485131522107,40.84157943725586,0.0,0,21,Move Left,0,0,99,154
1763921461.2312202,26.163871024084738,38.22064399719238,0.0,0,21,Move Left,0,0,95,168
1763921461.2837036,24.96297486623696,40.05932807922363,0.0,0,21,Move Left,0,0,96,178
1763921461.3390079,21.571532167231545,46.35739326477051,0.0,0,21,Centered,1,0,100,179
1763921461.3927252,24.01163283298412,41.646480560302734,0.0,0,21,Centered,0,0,102,179
1763921461.4431484,25.64163008791128,38.999080657958984,0.0,0,21,Centered,0,0,104,175
1763921461.493257,24.70594749335862,40.476083755493164,0.0,0,21,Centered,0,0,109,161
1763921461.5461328,23.991854572079028,41.68081283569336,0.0,0,21,Centered,0,0,113,148
1763921461.5947006,24.275542745356784,41.19372367858887,0.0,0,21,Centered,0,0,116,147
1763921461.638926,26.35772010306039,37.93954849243164,0.0,0,21,Centered,0,0,119,145
1763921461.6890414,27.870981460562163,35.87961196899414,0.0,0,21,Centered,0,0,119,146
1763921461.7405455,25.140733547919176,39.77608680725098,0.0,0,21,Centered,0,0,115,172
1763921461.7882943,24.711041983338635,40.46773910522461,0.0,0,21,Centered,0,0,117,172
1763921461.8339515,25.63457789132069,39.009809494018555,0.0,0,21,Centered,0,0,117,172
1763921461.8791275,28.514834253392436,35.06946563720703,0.0,0,21,Centered,0,0,117,171
1763921461.9261127,24.854398388195904,40.23432731628418,0.0,0,21,Centered,0,0,118,169
1763921461.9749444,23.84265217490166,41.94164276123047,0.0,0,21,Centered,0,0,121,164
1763921462.0192802,27.630279115420848,36.19217872619629,0.0,0,21,Centered,0,0,127,143
1763921462.0682204,25.782859390944072,38.785457611083984,0.0,0,21,Centered,0,0,126,139
1763921462.1193275,24.399816171123742,40.98391532897949,0.0,0,21,Centered,0,0,127,138
1763921462.1675866,25.12687734012281,39.79802131652832,0.0,0,21,Centered,0,0,126,140
